{
    "name": "root",
    "gauges": {
        "MoveToTarget.Policy.Entropy.mean": {
            "value": 1.3828645944595337,
            "min": 1.3779226541519165,
            "max": 2.107410192489624,
            "count": 200
        },
        "MoveToTarget.Policy.Entropy.sum": {
            "value": 69004.9453125,
            "min": 68430.2890625,
            "max": 107392.6953125,
            "count": 200
        },
        "MoveToTarget.Environment.EpisodeLength.mean": {
            "value": 145.23446327683615,
            "min": 124.53517587939699,
            "max": 639.3666666666667,
            "count": 200
        },
        "MoveToTarget.Environment.EpisodeLength.sum": {
            "value": 51413.0,
            "min": 38362.0,
            "max": 55329.0,
            "count": 200
        },
        "MoveToTarget.Step.mean": {
            "value": 9999969.0,
            "min": 49942.0,
            "max": 9999969.0,
            "count": 200
        },
        "MoveToTarget.Step.sum": {
            "value": 9999969.0,
            "min": 49942.0,
            "max": 9999969.0,
            "count": 200
        },
        "MoveToTarget.Policy.ExtrinsicValueEstimate.mean": {
            "value": 0.16962769627571106,
            "min": -0.27754825353622437,
            "max": 0.9820832014083862,
            "count": 200
        },
        "MoveToTarget.Policy.ExtrinsicValueEstimate.sum": {
            "value": 165.72625732421875,
            "min": -256.45458984375,
            "max": 909.4090576171875,
            "count": 200
        },
        "MoveToTarget.Environment.CumulativeReward.mean": {
            "value": 0.45892281263887796,
            "min": -2.505655583686894,
            "max": 0.4884023997849034,
            "count": 200
        },
        "MoveToTarget.Environment.CumulativeReward.sum": {
            "value": 162.4586756741628,
            "min": -196.60466789314523,
            "max": 176.1943428274244,
            "count": 200
        },
        "MoveToTarget.Policy.ExtrinsicReward.mean": {
            "value": 0.45892281263887796,
            "min": -2.505655583686894,
            "max": 0.4884023997849034,
            "count": 200
        },
        "MoveToTarget.Policy.ExtrinsicReward.sum": {
            "value": 162.4586756741628,
            "min": -196.60466789314523,
            "max": 176.1943428274244,
            "count": 200
        },
        "MoveToTarget.Losses.PolicyLoss.mean": {
            "value": 0.008426276520670703,
            "min": 0.006952909141546115,
            "max": 0.015330765849082833,
            "count": 200
        },
        "MoveToTarget.Losses.PolicyLoss.sum": {
            "value": 0.025278829562012106,
            "min": 0.020858727424638346,
            "max": 0.047410079772816964,
            "count": 200
        },
        "MoveToTarget.Losses.ValueLoss.mean": {
            "value": 0.0047325530322268605,
            "min": 0.003285531103352292,
            "max": 57.83270865171733,
            "count": 200
        },
        "MoveToTarget.Losses.ValueLoss.sum": {
            "value": 0.014197659096680582,
            "min": 0.009856593310056876,
            "max": 173.498125955152,
            "count": 200
        },
        "MoveToTarget.Policy.LearningRate.mean": {
            "value": 6.196797934733307e-07,
            "min": 6.196797934733307e-07,
            "max": 0.00029923144525618496,
            "count": 200
        },
        "MoveToTarget.Policy.LearningRate.sum": {
            "value": 1.8590393804199922e-06,
            "min": 1.8590393804199922e-06,
            "max": 0.00119100063299979,
            "count": 200
        },
        "MoveToTarget.Policy.Epsilon.mean": {
            "value": 0.10020652666666667,
            "min": 0.10020652666666667,
            "max": 0.199743815,
            "count": 200
        },
        "MoveToTarget.Policy.Epsilon.sum": {
            "value": 0.30061958,
            "min": 0.30061958,
            "max": 0.7970002100000001,
            "count": 200
        },
        "MoveToTarget.Policy.Beta.mean": {
            "value": 2.0305680666666622e-05,
            "min": 2.0305680666666622e-05,
            "max": 0.004987216368499999,
            "count": 200
        },
        "MoveToTarget.Policy.Beta.sum": {
            "value": 6.0917041999999866e-05,
            "min": 6.0917041999999866e-05,
            "max": 0.019850310479,
            "count": 200
        },
        "MoveToTarget.IsTraining.mean": {
            "value": 1.0,
            "min": 1.0,
            "max": 1.0,
            "count": 200
        },
        "MoveToTarget.IsTraining.sum": {
            "value": 1.0,
            "min": 1.0,
            "max": 1.0,
            "count": 200
        }
    },
    "metadata": {
        "timer_format_version": "0.1.0",
        "start_time_seconds": "1730747723",
        "python_version": "3.8.10 (tags/v3.8.10:3d8993a, May  3 2021, 11:48:03) [MSC v.1928 64 bit (AMD64)]",
        "command_line_arguments": "C:\\Work\\Reflex Aim Trainer\\venv\\Scripts\\mlagents-learn config.yaml",
        "mlagents_version": "0.29.0",
        "mlagents_envs_version": "0.29.0",
        "communication_protocol_version": "1.5.0",
        "pytorch_version": "2.4.1+cu124",
        "numpy_version": "1.21.2",
        "end_time_seconds": "1730751372"
    },
    "total": 3648.8655187,
    "count": 1,
    "self": 0.2434667000002264,
    "children": {
        "run_training.setup": {
            "total": 0.07733999999999996,
            "count": 1,
            "self": 0.07733999999999996
        },
        "TrainerController.start_learning": {
            "total": 3648.544712,
            "count": 1,
            "self": 5.191952700062757,
            "children": {
                "TrainerController._reset_env": {
                    "total": 6.519961600000001,
                    "count": 1,
                    "self": 6.519961600000001
                },
                "TrainerController.advance": {
                    "total": 3636.7987318999376,
                    "count": 444298,
                    "self": 2.220744299908347,
                    "children": {
                        "env_step": {
                            "total": 3634.5779876000292,
                            "count": 444298,
                            "self": 2933.500892400113,
                            "children": {
                                "SubprocessEnvManager._take_step": {
                                    "total": 698.514064299904,
                                    "count": 444298,
                                    "self": 13.205306599920505,
                                    "children": {
                                        "TorchPolicy.evaluate": {
                                            "total": 685.3087576999835,
                                            "count": 400034,
                                            "self": 118.68204139991644,
                                            "children": {
                                                "TorchPolicy.sample_actions": {
                                                    "total": 566.6267163000671,
                                                    "count": 400034,
                                                    "self": 566.6267163000671
                                                }
                                            }
                                        }
                                    }
                                },
                                "workers": {
                                    "total": 2.563030900012091,
                                    "count": 444298,
                                    "self": 0.0,
                                    "children": {
                                        "worker_root": {
                                            "total": 3637.0343506998624,