{
    "name": "root",
    "gauges": {
        "MoveToTarget.Policy.Entropy.mean": {
            "value": 2.0489614009857178,
            "min": 2.045330047607422,
            "max": 2.1109869480133057,
            "count": 100
        },
        "MoveToTarget.Policy.Entropy.sum": {
            "value": 123091.3515625,
            "min": 118726.546875,
            "max": 139905.65625,
            "count": 100
        },
        "MoveToTarget.Step.mean": {
            "value": 5999947.0,
            "min": 59968.0,
            "max": 5999947.0,
            "count": 100
        },
        "MoveToTarget.Step.sum": {
            "value": 5999947.0,
            "min": 59968.0,
            "max": 5999947.0,
            "count": 100
        },
        "MoveToTarget.Policy.ExtrinsicValueEstimate.mean": {
            "value": 0.03298391029238701,
            "min": -0.149394690990448,
            "max": 0.036490753293037415,
            "count": 100
        },
        "MoveToTarget.Policy.ExtrinsicValueEstimate.sum": {
            "value": 31.334714889526367,
            "min": -139.98281860351562,
            "max": 34.70270538330078,
            "count": 100
        },
        "MoveToTarget.Losses.PolicyLoss.mean": {
            "value": 0.011377013172022998,
            "min": 0.007382139028777601,
            "max": 0.015376172455338141,
            "count": 100
        },
        "MoveToTarget.Losses.PolicyLoss.sum": {
            "value": 0.04550805268809199,
            "min": 0.02435525616359276,
            "max": 0.05688619233599941,
            "count": 100
        },
        "MoveToTarget.Losses.ValueLoss.mean": {
            "value": 0.0002989063747615243,
            "min": 0.0002659328592926613,
            "max": 0.025823509178331327,
            "count": 100
        },
        "MoveToTarget.Losses.ValueLoss.sum": {
            "value": 0.0011956254990460973,
            "min": 0.0008396727886671822,
            "max": 0.07747052753499398,
            "count": 100
        },
        "MoveToTarget.Policy.LearningRate.mean": {
            "value": 1.5609119797291667e-06,
            "min": 1.5609119797291667e-06,
            "max": 0.00029825600058133327,
            "count": 100
        },
        "MoveToTarget.Policy.LearningRate.sum": {
            "value": 6.243647918916667e-06,
            "min": 6.243647918916667e-06,
            "max": 0.0011701440099519999,
            "count": 100
        },
        "MoveToTarget.Policy.Epsilon.mean": {
            "value": 0.10052027083333333,
            "min": 0.10052027083333333,
            "max": 0.19941866666666666,
            "count": 100
        },
        "MoveToTarget.Policy.Epsilon.sum": {
            "value": 0.4020810833333333,
            "min": 0.30447186666666665,
            "max": 0.7900480000000001,
            "count": 100
        },
        "MoveToTarget.Policy.Beta.mean": {
            "value": 3.596151458333334e-05,
            "min": 3.596151458333334e-05,
            "max": 0.004970991466666667,
            "count": 100
        },
        "MoveToTarget.Policy.Beta.sum": {
            "value": 0.00014384605833333335,
            "min": 0.00014384605833333335,
            "max": 0.019503395200000002,
            "count": 100
        },
        "MoveToTarget.IsTraining.mean": {
            "value": 1.0,
            "min": 1.0,
            "max": 1.0,
            "count": 100
        },
        "MoveToTarget.IsTraining.sum": {
            "value": 1.0,
            "min": 1.0,
            "max": 1.0,
            "count": 100
        },
        "MoveToTarget.Environment.EpisodeLength.mean": {
            "value": 1366.7380952380952,
            "min": 940.0,
            "max": 1460.0,
            "count": 92
        },
        "MoveToTarget.Environment.EpisodeLength.sum": {
            "value": 57403.0,
            "min": 940.0,
            "max": 182500.0,
            "count": 92
        },
        "MoveToTarget.Environment.CumulativeReward.mean": {
            "value": 0.48024681561426924,
            "min": -0.326024721104186,
            "max": 0.663397325668484,
            "count": 92
        },
        "MoveToTarget.Environment.CumulativeReward.sum": {
            "value": 20.17036625579931,
            "min": -40.75309013802325,
            "max": 32.12305873725563,
            "count": 92
        },
        "MoveToTarget.Policy.ExtrinsicReward.mean": {
            "value": 0.48024681561426924,
            "min": -0.326024721104186,
            "max": 0.663397325668484,
            "count": 92
        },
        "MoveToTarget.Policy.ExtrinsicReward.sum": {
            "value": 20.17036625579931,
            "min": -40.75309013802325,
            "max": 32.12305873725563,
            "count": 92
        }
    },
    "metadata": {
        "timer_format_version": "0.1.0",
        "start_time_seconds": "1732603725",
        "python_version": "3.8.10 (tags/v3.8.10:3d8993a, May  3 2021, 11:48:03) [MSC v.1928 64 bit (AMD64)]",
        "command_line_arguments": "C:\\Work\\Reflex Aim Trainer\\venv\\Scripts\\mlagents-learn config.yaml",
        "mlagents_version": "0.29.0",
        "mlagents_envs_version": "0.29.0",
        "communication_protocol_version": "1.5.0",
        "pytorch_version": "2.4.1+cu124",
        "numpy_version": "1.21.2",
        "end_time_seconds": "1732605190"
    },
    "total": 1465.3439698,
    "count": 1,
    "self": 0.2915686999999707,
    "children": {
        "run_training.setup": {
            "total": 0.5077855000000002,
            "count": 1,
            "self": 0.5077855000000002
        },
        "TrainerController.start_learning": {
            "total": 1464.5446156,
            "count": 1,
            "self": 0.9559909000097377,
            "children": {
                "TrainerController._reset_env": {
                    "total": 13.894399400000001,
                    "count": 1,
                    "self": 13.894399400000001
                },
                "TrainerController.advance": {
                    "total": 1449.6602323999903,
                    "count": 40626,
                    "self": 0.36545619998446455,
                    "children": {
                        "env_step": {
                            "total": 1449.2947762000058,
                            "count": 40626,
                            "self": 711.6258025000257,
                            "children": {
                                "SubprocessEnvManager._take_step": {
                                    "total": 736.8350949999701,
                                    "count": 242324,
                                    "self": 10.529969699920002,
                                    "children": {
                                        "TorchPolicy.evaluate": {
                                            "total": 726.3051253000501,
                                            "count": 240327,
                                            "self": 123.00590600005478,
                                            "children": {
                                                "TorchPolicy.sample_actions": {
                                                    "total": 603.2992192999953,
                                                    "count": 240327,
                                                    "self": 603.2992192999953
                                                }
                                            }
                                        }
                                    }
                                },
                                "workers": {
                                    "total": 0.8338787000100396,
                                    "count": 40626,
                                    "self": 0.0,
                                    "children": {
                                        "worker_root": {
                                            "total": 14508.40245280001,