{
    "name": "root",
    "gauges": {
        "MoveToTarget.Policy.Entropy.mean": {
            "value": 1.4075573682785034,
            "min": 1.4030660390853882,
            "max": 2.106912136077881,
            "count": 200
        },
        "MoveToTarget.Policy.Entropy.sum": {
            "value": 70413.0546875,
            "min": 69510.9140625,
            "max": 106504.4140625,
            "count": 200
        },
        "MoveToTarget.Environment.EpisodeLength.mean": {
            "value": 165.52380952380952,
            "min": 132.20170454545453,
            "max": 587.967032967033,
            "count": 200
        },
        "MoveToTarget.Environment.EpisodeLength.sum": {
            "value": 52140.0,
            "min": 38149.0,
            "max": 53505.0,
            "count": 200
        },
        "MoveToTarget.Step.mean": {
            "value": 9999969.0,
            "min": 49990.0,
            "max": 9999969.0,
            "count": 200
        },
        "MoveToTarget.Step.sum": {
            "value": 9999969.0,
            "min": 49990.0,
            "max": 9999969.0,
            "count": 200
        },
        "MoveToTarget.Policy.ExtrinsicValueEstimate.mean": {
            "value": 0.1813671737909317,
            "min": -0.9813575148582458,
            "max": 0.4808865189552307,
            "count": 200
        },
        "MoveToTarget.Policy.ExtrinsicValueEstimate.sum": {
            "value": 173.20565795898438,
            "min": -933.27099609375,
            "max": 457.803955078125,
            "count": 200
        },
        "MoveToTarget.Environment.CumulativeReward.mean": {
            "value": 0.44556616265622395,
            "min": -2.19721026797958,
            "max": 0.4988276133792574,
            "count": 200
        },
        "MoveToTarget.Environment.CumulativeReward.sum": {
            "value": 140.35334123671055,
            "min": -196.6736681528855,
            "max": 174.44434360787272,
            "count": 200
        },
        "MoveToTarget.Policy.ExtrinsicReward.mean": {
            "value": 0.44556616265622395,
            "min": -2.19721026797958,
            "max": 0.4988276133792574,
            "count": 200
        },
        "MoveToTarget.Policy.ExtrinsicReward.sum": {
            "value": 140.35334123671055,
            "min": -196.6736681528855,
            "max": 174.44434360787272,
            "count": 200
        },
        "MoveToTarget.Losses.PolicyLoss.mean": {
            "value": 0.010463340075350262,
            "min": 0.006902554790334155,
            "max": 0.03648676542151306,
            "count": 200
        },
        "MoveToTarget.Losses.PolicyLoss.sum": {
            "value": 0.03139002022605079,
            "min": 0.0181763895622377,
            "max": 0.10946029626453917,
            "count": 200
        },
        "MoveToTarget.Losses.ValueLoss.mean": {
            "value": 0.00441143487761211,
            "min": 0.0036581638980553387,
            "max": 4.307847630504209,
            "count": 200
        },
        "MoveToTarget.Losses.ValueLoss.sum": {
            "value": 0.01323430463283633,
            "min": 0.010974491694166016,
            "max": 12.923542891512627,
            "count": 200
        },
        "MoveToTarget.Policy.LearningRate.mean": {
            "value": 5.942198019600091e-07,
            "min": 5.942198019600091e-07,
            "max": 0.0002992312202562599,
            "count": 200
        },
        "MoveToTarget.Policy.LearningRate.sum": {
            "value": 1.7826594058800273e-06,
            "min": 1.7826594058800273e-06,
            "max": 0.00119100861299713,
            "count": 200
        },
        "MoveToTarget.Policy.Epsilon.mean": {
            "value": 0.10019804,
            "min": 0.10019804,
            "max": 0.19974374,
            "count": 200
        },
        "MoveToTarget.Policy.Epsilon.sum": {
            "value": 0.30059412,
            "min": 0.30059412,
            "max": 0.79700287,
            "count": 200
        },
        "MoveToTarget.Policy.Beta.mean": {
            "value": 1.988219600000016e-05,
            "min": 1.988219600000016e-05,
            "max": 0.004987212626,
            "count": 200
        },
        "MoveToTarget.Policy.Beta.sum": {
            "value": 5.9646588000000474e-05,
            "min": 5.9646588000000474e-05,
            "max": 0.019850443213,
            "count": 200
        },
        "MoveToTarget.IsTraining.mean": {
            "value": 1.0,
            "min": 1.0,
            "max": 1.0,
            "count": 200
        },
        "MoveToTarget.IsTraining.sum": {
            "value": 1.0,
            "min": 1.0,
            "max": 1.0,
            "count": 200
        }
    },
    "metadata": {
        "timer_format_version": "0.1.0",
        "start_time_seconds": "1730743788",
        "python_version": "3.8.10 (tags/v3.8.10:3d8993a, May  3 2021, 11:48:03) [MSC v.1928 64 bit (AMD64)]",
        "command_line_arguments": "C:\\Work\\Reflex Aim Trainer\\venv\\Scripts\\mlagents-learn config.yaml",
        "mlagents_version": "0.29.0",
        "mlagents_envs_version": "0.29.0",
        "communication_protocol_version": "1.5.0",
        "pytorch_version": "2.4.1+cu124",
        "numpy_version": "1.21.2",
        "end_time_seconds": "1730747359"
    },
    "total": 3570.6916463000002,
    "count": 1,
    "self": 0.4673367000004873,
    "children": {
        "run_training.setup": {
            "total": 0.05145669999999991,
            "count": 1,
            "self": 0.05145669999999991
        },
        "TrainerController.start_learning": {
            "total": 3570.1728528999997,
            "count": 1,
            "self": 5.119723000107115,
            "children": {
                "TrainerController._reset_env": {
                    "total": 2.2811138,
                    "count": 1,
                    "self": 2.2811138
                },
                "TrainerController.advance": {
                    "total": 3562.7461784998927,
                    "count": 445665,
                    "self": 2.266673799794262,
                    "children": {
                        "env_step": {
                            "total": 3560.4795047000985,
                            "count": 445665,
                            "self": 2839.599030900063,
                            "children": {
                                "SubprocessEnvManager._take_step": {
                                    "total": 718.2901002000248,
                                    "count": 445665,
                                    "self": 13.312013800052341,
                                    "children": {
                                        "TorchPolicy.evaluate": {
                                            "total": 704.9780863999724,
                                            "count": 400032,
                                            "self": 132.95891920001964,
                                            "children": {
                                                "TorchPolicy.sample_actions": {
                                                    "total": 572.0191671999528,
                                                    "count": 400032,
                                                    "self": 572.0191671999528
                                                }
                                            }
                                        }
                                    }
                                },
                                "workers": {
                                    "total": 2.5903736000104534,
                                    "count": 445665,
                                    "self": 0.0,
                                    "children": {
                                        "worker_root": {
                                            "total": 3562.819030699818,
                                            "count": 445665,