{
    "name": "root",
    "gauges": {
        "MoveToTarget.Policy.Entropy.mean": {
            "value": 1.7343734502792358,
            "min": 1.7017420530319214,
            "max": 2.1118505001068115,
            "count": 200
        },
        "MoveToTarget.Policy.Entropy.sum": {
            "value": 8671.8671875,
            "min": 7109.6455078125,
            "max": 13568.6396484375,
            "count": 200
        },
        "MoveToTarget.Environment.EpisodeLength.mean": {
            "value": 272.53333333333336,
            "min": 0.0,
            "max": 718.7894736842105,
            "count": 197
        },
        "MoveToTarget.Environment.EpisodeLength.sum": {
            "value": 4088.0,
            "min": 0.0,
            "max": 17325.0,
            "count": 197
        },
        "MoveToTarget.Step.mean": {
            "value": 999971.0,
            "min": 4997.0,
            "max": 999971.0,
            "count": 200
        },
        "MoveToTarget.Step.sum": {
            "value": 999971.0,
            "min": 4997.0,
            "max": 999971.0,
            "count": 200
        },
        "MoveToTarget.Policy.ExtrinsicValueEstimate.mean": {
            "value": -0.09350535273551941,
            "min": -0.2956386208534241,
            "max": 0.0813494324684143,
            "count": 200
        },
        "MoveToTarget.Policy.ExtrinsicValueEstimate.sum": {
            "value": -8.041460037231445,
            "min": -24.577404022216797,
            "max": 6.5079545974731445,
            "count": 200
        },
        "MoveToTarget.Environment.CumulativeReward.mean": {
            "value": -0.05835553696379066,
            "min": -3.4166666716337204,
            "max": 0.11500008963048458,
            "count": 197
        },
        "MoveToTarget.Environment.CumulativeReward.sum": {
            "value": -0.8753330544568598,
            "min": -70.65266745281406,
            "max": 1.5236668027937412,
            "count": 197
        },
        "MoveToTarget.Policy.ExtrinsicReward.mean": {
            "value": -0.05835553696379066,
            "min": -3.4166666716337204,
            "max": 0.11500008963048458,
            "count": 197
        },
        "MoveToTarget.Policy.ExtrinsicReward.sum": {
            "value": -0.8753330544568598,
            "min": -70.65266745281406,
            "max": 1.5236668027937412,
            "count": 197
        },
        "MoveToTarget.IsTraining.mean": {
            "value": 1.0,
            "min": 1.0,
            "max": 1.0,
            "count": 200
        },
        "MoveToTarget.IsTraining.sum": {
            "value": 1.0,
            "min": 1.0,
            "max": 1.0,
            "count": 200
        },
        "MoveToTarget.Losses.PolicyLoss.mean": {
            "value": 0.015675313537940383,
            "min": 0.005214937555138022,
            "max": 0.01897916232701391,
            "count": 60
        },
        "MoveToTarget.Losses.PolicyLoss.sum": {
            "value": 0.015675313537940383,
            "min": 0.005214937555138022,
            "max": 0.01897916232701391,
            "count": 60
        },
        "MoveToTarget.Losses.ValueLoss.mean": {
            "value": 0.006135041321006914,
            "min": 0.005378203621755044,
            "max": 0.01938500503698985,
            "count": 60
        },
        "MoveToTarget.Losses.ValueLoss.sum": {
            "value": 0.006135041321006914,
            "min": 0.005378203621755044,
            "max": 0.01938500503698985,
            "count": 60
        },
        "MoveToTarget.Policy.LearningRate.mean": {
            "value": 3.878498707200015e-06,
            "min": 3.878498707200015e-06,
            "max": 0.00029479620173459995,
            "count": 60
        },
        "MoveToTarget.Policy.LearningRate.sum": {
            "value": 3.878498707200015e-06,
            "min": 3.878498707200015e-06,
            "max": 0.00029479620173459995,
            "count": 60
        },
        "MoveToTarget.Policy.Epsilon.mean": {
            "value": 0.1012928,
            "min": 0.1012928,
            "max": 0.1982654,
            "count": 60
        },
        "MoveToTarget.Policy.Epsilon.sum": {
            "value": 0.1012928,
            "min": 0.1012928,
            "max": 0.1982654,
            "count": 60
        },
        "MoveToTarget.Policy.Beta.mean": {
            "value": 7.451072000000024e-05,
            "min": 7.451072000000024e-05,
            "max": 0.00491344346,
            "count": 60
        },
        "MoveToTarget.Policy.Beta.sum": {
            "value": 7.451072000000024e-05,
            "min": 7.451072000000024e-05,
            "max": 0.00491344346,
            "count": 60
        }
    },
    "metadata": {
        "timer_format_version": "0.1.0",
        "start_time_seconds": "1730659983",
        "python_version": "3.8.10 (tags/v3.8.10:3d8993a, May  3 2021, 11:48:03) [MSC v.1928 64 bit (AMD64)]",
        "command_line_arguments": "C:\\Work\\Reflex Aim Trainer\\venv\\Scripts\\mlagents-learn config.yaml",
        "mlagents_version": "0.29.0",
        "mlagents_envs_version": "0.29.0",
        "communication_protocol_version": "1.5.0",
        "pytorch_version": "2.4.1+cu124",
        "numpy_version": "1.21.2",
        "end_time_seconds": "1730660371"
    },
    "total": 387.23032989999996,
    "count": 1,
    "self": 0.19809270000001789,
    "children": {
        "run_training.setup": {
            "total": 0.06695289999999998,
            "count": 1,
            "self": 0.06695289999999998
        },
        "TrainerController.start_learning": {
            "total": 386.96528429999995,
            "count": 1,
            "self": 0.5713513000014814,
            "children": {
                "TrainerController._reset_env": {
                    "total": 2.5030031999999998,
                    "count": 1,
                    "self": 2.5030031999999998
                },
                "TrainerController.advance": {
                    "total": 383.84658289999845,
                    "count": 42416,
                    "self": 0.2578797000053328,
                    "children": {
                        "env_step": {
                            "total": 383.5887031999931,
                            "count": 42416,
                            "self": 240.55854429999948,
                            "children": {
                                "SubprocessEnvManager._take_step": {
                                    "total": 142.73874619999236,
                                    "count": 42416,
                                    "self": 1.4831796999923483,
                                    "children": {
                                        "TorchPolicy.evaluate": {
                                            "total": 141.25556650000001,
                                            "count": 40043,
                                            "self": 51.53333470000253,
                                            "children": {
                                                "TorchPolicy.sample_actions": {
                                                    "total": 89.72223179999749,
                                                    "count": 40043,
                                                    "self": 89.72223179999749
                                                }
                                            }
                                        }
                                    }
                                },
                                "workers": {
                                    "total": 0.29141270000126873,
                                    "count": 42416,
                                    "self": 0.0,
                                    "children": {
                                        "worker_root": {
                                            "total": 384.36683120000424,
                                            "count": 42416,