{
    "name": "root",
    "gauges": {
        "MoveToTarget.Policy.Entropy.mean": {
            "value": 2.0967071056365967,
            "min": 2.0941383838653564,
            "max": 2.124039649963379,
            "count": 100
        },
        "MoveToTarget.Policy.Entropy.sum": {
            "value": 126221.7734375,
            "min": 123561.6484375,
            "max": 129455.3125,
            "count": 100
        },
        "MoveToTarget.Step.mean": {
            "value": 5999997.0,
            "min": 59949.0,
            "max": 5999997.0,
            "count": 100
        },
        "MoveToTarget.Step.sum": {
            "value": 5999997.0,
            "min": 59949.0,
            "max": 5999997.0,
            "count": 100
        },
        "MoveToTarget.Policy.ExtrinsicValueEstimate.mean": {
            "value": 0.03509601205587387,
            "min": 0.007943876087665558,
            "max": 0.09848940372467041,
            "count": 100
        },
        "MoveToTarget.Policy.ExtrinsicValueEstimate.sum": {
            "value": 33.41140365600586,
            "min": 7.530794620513916,
            "max": 92.77701568603516,
            "count": 100
        },
        "MoveToTarget.Losses.PolicyLoss.mean": {
            "value": 0.011387955977018768,
            "min": 0.007530194982084341,
            "max": 0.014805615867468681,
            "count": 100
        },
        "MoveToTarget.Losses.PolicyLoss.sum": {
            "value": 0.04555182390807507,
            "min": 0.022590584946253024,
            "max": 0.059222463469874725,
            "count": 100
        },
        "MoveToTarget.Losses.ValueLoss.mean": {
            "value": 0.00029709265315129113,
            "min": 0.00027493367734779086,
            "max": 0.01291849468705348,
            "count": 100
        },
        "MoveToTarget.Losses.ValueLoss.sum": {
            "value": 0.0011883706126051645,
            "min": 0.0008248010320433725,
            "max": 0.03875548406116044,
            "count": 100
        },
        "MoveToTarget.Policy.LearningRate.mean": {
            "value": 1.7222494259499947e-06,
            "min": 1.7222494259499947e-06,
            "max": 0.0002982605839131389,
            "count": 100
        },
        "MoveToTarget.Policy.LearningRate.sum": {
            "value": 6.888997703799979e-06,
            "min": 6.888997703799979e-06,
            "max": 0.0011703490098836666,
            "count": 100
        },
        "MoveToTarget.Policy.Epsilon.mean": {
            "value": 0.10057404999999998,
            "min": 0.10057404999999998,
            "max": 0.19942019444444448,
            "count": 100
        },
        "MoveToTarget.Policy.Epsilon.sum": {
            "value": 0.40229619999999994,
            "min": 0.3045952333333334,
            "max": 0.7901163333333333,
            "count": 100
        },
        "MoveToTarget.Policy.Beta.mean": {
            "value": 3.864509499999991e-05,
            "min": 3.864509499999991e-05,
            "max": 0.004971067702777779,
            "count": 100
        },
        "MoveToTarget.Policy.Beta.sum": {
            "value": 0.00015458037999999965,
            "min": 0.00015458037999999965,
            "max": 0.01950680503333333,
            "count": 100
        },
        "MoveToTarget.Environment.EpisodeLength.mean": {
            "value": 1387.4468085106382,
            "min": 1316.2045454545455,
            "max": 1460.0,
            "count": 100
        },
        "MoveToTarget.Environment.EpisodeLength.sum": {
            "value": 65210.0,
            "min": 36475.0,
            "max": 72950.0,
            "count": 100
        },
        "MoveToTarget.Environment.CumulativeReward.mean": {
            "value": 0.5103702672616024,
            "min": -0.5658046573610045,
            "max": 0.5754520751259744,
            "count": 100
        },
        "MoveToTarget.Environment.CumulativeReward.sum": {
            "value": 23.987402561295312,
            "min": -20.425230141263455,
            "max": 26.457212930195965,
            "count": 100
        },
        "MoveToTarget.Policy.ExtrinsicReward.mean": {
            "value": 0.5103702672616024,
            "min": -0.5658046573610045,
            "max": 0.5754520751259744,
            "count": 100
        },
        "MoveToTarget.Policy.ExtrinsicReward.sum": {
            "value": 23.987402561295312,
            "min": -20.425230141263455,
            "max": 26.457212930195965,
            "count": 100
        },
        "MoveToTarget.IsTraining.mean": {
            "value": 1.0,
            "min": 1.0,
            "max": 1.0,
            "count": 100
        },
        "MoveToTarget.IsTraining.sum": {
            "value": 1.0,
            "min": 1.0,
            "max": 1.0,
            "count": 100
        }
    },
    "metadata": {
        "timer_format_version": "0.1.0",
        "start_time_seconds": "1732635532",
        "python_version": "3.8.10 (tags/v3.8.10:3d8993a, May  3 2021, 11:48:03) [MSC v.1928 64 bit (AMD64)]",
        "command_line_arguments": "C:\\Work\\Reflex Aim Trainer\\venv\\Scripts\\mlagents-learn config.yaml",
        "mlagents_version": "0.29.0",
        "mlagents_envs_version": "0.29.0",
        "communication_protocol_version": "1.5.0",
        "pytorch_version": "2.4.1+cu124",
        "numpy_version": "1.21.2",
        "end_time_seconds": "1732638214"
    },
    "total": 2681.9678670000003,
    "count": 1,
    "self": 0.5882226000007904,
    "children": {
        "run_training.setup": {
            "total": 0.07949690000000009,
            "count": 1,
            "self": 0.07949690000000009
        },
        "TrainerController.start_learning": {
            "total": 2681.3001474999996,
            "count": 1,
            "self": 3.282130300020526,
            "children": {
                "TrainerController._reset_env": {
                    "total": 7.6046228,
                    "count": 1,
                    "self": 7.6046228
                },
                "TrainerController.advance": {
                    "total": 2670.379339599979,
                    "count": 243137,
                    "self": 1.5783928998898773,
                    "children": {
                        "env_step": {
                            "total": 2668.8009467000893,
                            "count": 243137,
                            "self": 2015.5315962000732,
                            "children": {
                                "SubprocessEnvManager._take_step": {
                                    "total": 651.5873122999922,
                                    "count": 243137,
                                    "self": 8.64706649996549,
                                    "children": {
                                        "TorchPolicy.evaluate": {
                                            "total": 642.9402458000267,
                                            "count": 240041,
                                            "self": 89.15973710009291,
                                            "children": {
                                                "TorchPolicy.sample_actions": {
                                                    "total": 553.7805086999338,
                                                    "count": 240041,
                                                    "self": 553.7805086999338
                                                }
                                            }
                                        }
                                    }
                                },
                                "workers": {
                                    "total": 1.6820382000239213,
                                    "count": 243137,
                                    "self": 0.0,
                                    "children": {
                                        "worker_root": {
                                            "total": 2670.4452668999425,