{
    "name": "root",
    "metadata": {
        "timer_format_version": "0.1.0",
        "start_time_seconds": "1730291229",
        "python_version": "3.8.10 (tags/v3.8.10:3d8993a, May  3 2021, 11:48:03) [MSC v.1928 64 bit (AMD64)]",
        "command_line_arguments": "C:\\Work\\Reflex Aim Trainer\\venv\\Scripts\\mlagents-learn config.yaml --resume",
        "mlagents_version": "0.29.0",
        "mlagents_envs_version": "0.29.0",
        "communication_protocol_version": "1.5.0",
        "pytorch_version": "2.4.1+cu124",
        "numpy_version": "1.21.2",
        "end_time_seconds": "1730292225"
    },
    "total": 996.0772589999999,
    "count": 1,
    "self": 10.00243149999983,
    "children": {
        "run_training.setup": {
            "total": 0.12474920000000012,
            "count": 1,
            "self": 0.12474920000000012
        },
        "TrainerController.start_learning": {
            "total": 985.9500783000001,
            "count": 1,
            "self": 0.641769700010741,
            "children": {
                "TrainerController._reset_env": {
                    "total": 32.011029799999996,
                    "count": 1,
                    "self": 32.011029799999996
                },
                "TrainerController.advance": {
                    "total": 953.1452810999893,
                    "count": 48820,
                    "self": 0.29913199999396056,
                    "children": {
                        "env_step": {
                            "total": 952.8461490999954,
                            "count": 48820,
                            "self": 807.467053799997,
                            "children": {
                                "SubprocessEnvManager._take_step": {
                                    "total": 145.05575639999748,
                                    "count": 48821,
                                    "self": 1.68336249999669,
                                    "children": {
                                        "TorchPolicy.evaluate": {
                                            "total": 143.3723939000008,
                                            "count": 41746,
                                            "self": 49.927942600000065,
                                            "children": {
                                                "TorchPolicy.sample_actions": {
                                                    "total": 93.44445130000072,
                                                    "count": 41746,
                                                    "self": 93.44445130000072
                                                }
                                            }
                                        }
                                    }
                                },
                                "workers": {
                                    "total": 0.3233389000009197,
                                    "count": 48819,
                                    "self": 0.0,
                                    "children": {
                                        "worker_root": {
                                            "total": 923.2710132999991,
                                            "count": 48819,
                                            "is_parallel": true,
                                            "self": 622.0683859999865,
                                            "children": {
                                                "steps_from_proto": {
                                                    "total": 0.000601899999999489,
                                                    "count": 1,
                                                    "is_parallel": true,
                                                    "self": 0.00022200000000083264,
                                                    "children": {
                                                        "_process_rank_one_or_two_observation": {
                                                            "total": 0.0003798999999986563,
                                                            "count": 4,
                                                            "is_parallel": true,
                                                            "self": 0.0003798999999986563
                                                        }
                                                    }
                                                },
                                                "UnityEnvironment.step": {
                                                    "total": 301.20202540001264,
                                                    "count": 48819,
                                                    "is_parallel": true,
                                                    "self": 6.1547474000151965,
                                                    "children": {
                                                        "UnityEnvironment._generate_step_input": {
                                                            "total": 6.899049599997014,
                                                            "count": 48819,
                                                            "is_parallel": true,
                                                            "self": 6.899049599997014
                                                        },
                                                        "communicator.exchange": {
                                                            "total": 271.19086980000395,
                                                            "count": 48819,
                                                            "is_parallel": true,
                                                            "self": 271.19086980000395
                                                        },
                                                        "steps_from_proto": {
                                                            "total": 16.95735859999651,
                                                            "count": 48819,
                                                            "is_parallel": true,
                                                            "self": 4.773850799983421,
                                                            "children": {
                                                                "_process_rank_one_or_two_observation": {
                                                                    "total": 12.18350780001309,
                                                                    "count": 195276,
                                                                    "is_parallel": true,
                                                                    "self": 12.18350780001309
                                                                }
                                                            }
                                                        }
                                                    }
                                                }
                                            }
                                        }
                                    }
                                }
                            }
                        }
                    }
                },
                "TrainerController._save_models": {
                    "total": 0.1519977000000381,
                    "count": 1,
                    "self": 0.005876499999999396,
                    "children": {
                        "RLTrainer._checkpoint": {
                            "total": 0.1461212000000387,
                            "count": 1,
                            "self": 0.1461212000000387
                        }
                    }
                }
            }
        }
    }
}