{
    "name": "root",
    "gauges": {
        "MoveToTarget.Policy.Entropy.mean": {
            "value": 2.093989610671997,
            "min": 2.0414316654205322,
            "max": 2.1105282306671143,
            "count": 100
        },
        "MoveToTarget.Policy.Entropy.sum": {
            "value": 125587.0234375,
            "min": 122667.765625,
            "max": 128651.453125,
            "count": 100
        },
        "MoveToTarget.Step.mean": {
            "value": 5999972.0,
            "min": 59949.0,
            "max": 5999972.0,
            "count": 100
        },
        "MoveToTarget.Step.sum": {
            "value": 5999972.0,
            "min": 59949.0,
            "max": 5999972.0,
            "count": 100
        },
        "MoveToTarget.Policy.ExtrinsicValueEstimate.mean": {
            "value": 0.030324989929795265,
            "min": -0.21702226996421814,
            "max": 0.05231417343020439,
            "count": 100
        },
        "MoveToTarget.Policy.ExtrinsicValueEstimate.sum": {
            "value": 28.687440872192383,
            "min": -204.21795654296875,
            "max": 49.59383773803711,
            "count": 100
        },
        "MoveToTarget.Losses.PolicyLoss.mean": {
            "value": 0.011087921603272358,
            "min": 0.0071679772130058455,
            "max": 0.014516795406557826,
            "count": 100
        },
        "MoveToTarget.Losses.PolicyLoss.sum": {
            "value": 0.04435168641308943,
            "min": 0.02202824134534846,
            "max": 0.05764838669953558,
            "count": 100
        },
        "MoveToTarget.Losses.ValueLoss.mean": {
            "value": 0.0003749115076061571,
            "min": 0.0003249694212475636,
            "max": 0.019656325250657067,
            "count": 100
        },
        "MoveToTarget.Losses.ValueLoss.sum": {
            "value": 0.0014996460304246284,
            "min": 0.0010249330589431338,
            "max": 0.0589689757519712,
            "count": 100
        },
        "MoveToTarget.Policy.LearningRate.mean": {
            "value": 1.538511987195833e-06,
            "min": 1.538511987195833e-06,
            "max": 0.0002982605839131389,
            "count": 100
        },
        "MoveToTarget.Policy.LearningRate.sum": {
            "value": 6.154047948783332e-06,
            "min": 6.154047948783332e-06,
            "max": 0.0011703490098836666,
            "count": 100
        },
        "MoveToTarget.Policy.Epsilon.mean": {
            "value": 0.10051280416666668,
            "min": 0.10051280416666668,
            "max": 0.19942019444444448,
            "count": 100
        },
        "MoveToTarget.Policy.Epsilon.sum": {
            "value": 0.4020512166666667,
            "min": 0.3044168833333334,
            "max": 0.7901163333333333,
            "count": 100
        },
        "MoveToTarget.Policy.Beta.mean": {
            "value": 3.5588927916666667e-05,
            "min": 3.5588927916666667e-05,
            "max": 0.004971067702777779,
            "count": 100
        },
        "MoveToTarget.Policy.Beta.sum": {
            "value": 0.00014235571166666667,
            "min": 0.00014235571166666667,
            "max": 0.01950680503333333,
            "count": 100
        },
        "MoveToTarget.Environment.EpisodeLength.mean": {
            "value": 1406.45,
            "min": 1340.6888888888889,
            "max": 1460.0,
            "count": 100
        },
        "MoveToTarget.Environment.EpisodeLength.sum": {
            "value": 56258.0,
            "min": 36405.0,
            "max": 72950.0,
            "count": 100
        },
        "MoveToTarget.Environment.CumulativeReward.mean": {
            "value": 0.5049443236086517,
            "min": -0.6970040844799951,
            "max": 0.5386550199771083,
            "count": 100
        },
        "MoveToTarget.Environment.CumulativeReward.sum": {
            "value": 20.19777294434607,
            "min": -32.72522185114212,
            "max": 23.431754517834634,
            "count": 100
        },
        "MoveToTarget.Policy.ExtrinsicReward.mean": {
            "value": 0.5049443236086517,
            "min": -0.6970040844799951,
            "max": 0.5386550199771083,
            "count": 100
        },
        "MoveToTarget.Policy.ExtrinsicReward.sum": {
            "value": 20.19777294434607,
            "min": -32.72522185114212,
            "max": 23.431754517834634,
            "count": 100
        },
        "MoveToTarget.IsTraining.mean": {
            "value": 1.0,
            "min": 1.0,
            "max": 1.0,
            "count": 100
        },
        "MoveToTarget.IsTraining.sum": {
            "value": 1.0,
            "min": 1.0,
            "max": 1.0,
            "count": 100
        }
    },
    "metadata": {
        "timer_format_version": "0.1.0",
        "start_time_seconds": "1732593365",
        "python_version": "3.8.10 (tags/v3.8.10:3d8993a, May  3 2021, 11:48:03) [MSC v.1928 64 bit (AMD64)]",
        "command_line_arguments": "C:\\Work\\Reflex Aim Trainer\\venv\\Scripts\\mlagents-learn config.yaml",
        "mlagents_version": "0.29.0",
        "mlagents_envs_version": "0.29.0",
        "communication_protocol_version": "1.5.0",
        "pytorch_version": "2.4.1+cu124",
        "numpy_version": "1.21.2",
        "end_time_seconds": "1732597181"
    },
    "total": 3816.2163358999996,
    "count": 1,
    "self": 0.3042081999997208,
    "children": {
        "run_training.setup": {
            "total": 0.055372600000000105,
            "count": 1,
            "self": 0.055372600000000105
        },
        "TrainerController.start_learning": {
            "total": 3815.8567551,
            "count": 1,
            "self": 4.48854200005735,
            "children": {
                "TrainerController._reset_env": {
                    "total": 3.1365933999999998,
                    "count": 1,
                    "self": 3.1365933999999998
                },
                "TrainerController.advance": {
                    "total": 3808.180993399943,
                    "count": 242874,
                    "self": 2.2105554999011474,
                    "children": {
                        "env_step": {
                            "total": 3805.970437900042,
                            "count": 242874,
                            "self": 2664.8811140001144,
                            "children": {
                                "SubprocessEnvManager._take_step": {
                                    "total": 1138.7146967999274,
                                    "count": 242874,
                                    "self": 12.549687199886193,
                                    "children": {
                                        "TorchPolicy.evaluate": {
                                            "total": 1126.1650096000412,
                                            "count": 240041,
                                            "self": 172.79864230005546,
                                            "children": {
                                                "TorchPolicy.sample_actions": {
                                                    "total": 953.3663672999858,
                                                    "count": 240041,
                                                    "self": 953.3663672999858
                                                }
                                            }
                                        }
                                    }
                                },
                                "workers": {
                                    "total": 2.37462709999987,
                                    "count": 242874,
                                    "self": 0.0,
                                    "children": {
                                        "worker_root": {
                                            "total": 3807.7398470000526,