{
    "name": "root",
    "gauges": {
        "MoveToTarget.Policy.Entropy.mean": {
            "value": 2.059432029724121,
            "min": 2.0538625717163086,
            "max": 2.1096999645233154,
            "count": 100
        },
        "MoveToTarget.Policy.Entropy.sum": {
            "value": 123617.4140625,
            "min": 118079.875,
            "max": 136081.453125,
            "count": 100
        },
        "MoveToTarget.Step.mean": {
            "value": 5999992.0,
            "min": 59968.0,
            "max": 5999992.0,
            "count": 100
        },
        "MoveToTarget.Step.sum": {
            "value": 5999992.0,
            "min": 59968.0,
            "max": 5999992.0,
            "count": 100
        },
        "MoveToTarget.Policy.ExtrinsicValueEstimate.mean": {
            "value": 0.03241349011659622,
            "min": -0.024644941091537476,
            "max": 0.03992672264575958,
            "count": 100
        },
        "MoveToTarget.Policy.ExtrinsicValueEstimate.sum": {
            "value": 30.727989196777344,
            "min": -23.092309951782227,
            "max": 37.81060791015625,
            "count": 100
        },
        "MoveToTarget.Losses.PolicyLoss.mean": {
            "value": 0.010670700760480637,
            "min": 0.007492612238921639,
            "max": 0.014202201394558262,
            "count": 100
        },
        "MoveToTarget.Losses.PolicyLoss.sum": {
            "value": 0.03201210228144191,
            "min": 0.022477836716764916,
            "max": 0.05680880557823305,
            "count": 100
        },
        "MoveToTarget.Losses.ValueLoss.mean": {
            "value": 0.0002974634650551404,
            "min": 0.0002601701344246976,
            "max": 0.013968135459840091,
            "count": 100
        },
        "MoveToTarget.Losses.ValueLoss.sum": {
            "value": 0.0008923903951654211,
            "min": 0.0008011182168653856,
            "max": 0.041904406379520275,
            "count": 100
        },
        "MoveToTarget.Policy.LearningRate.mean": {
            "value": 1.5288828237388945e-06,
            "min": 1.5288828237388945e-06,
            "max": 0.0002983146672284444,
            "count": 100
        },
        "MoveToTarget.Policy.LearningRate.sum": {
            "value": 4.586648471216683e-06,
            "min": 4.586648471216683e-06,
            "max": 0.0011707040097653331,
            "count": 100
        },
        "MoveToTarget.Policy.Epsilon.mean": {
            "value": 0.10050959444444445,
            "min": 0.10050959444444445,
            "max": 0.19943822222222227,
            "count": 100
        },
        "MoveToTarget.Policy.Epsilon.sum": {
            "value": 0.30152878333333333,
            "min": 0.30152878333333333,
            "max": 0.7902346666666668,
            "count": 100
        },
        "MoveToTarget.Policy.Beta.mean": {
            "value": 3.542876277777788e-05,
            "min": 3.542876277777788e-05,
            "max": 0.004971967288888889,
            "count": 100
        },
        "MoveToTarget.Policy.Beta.sum": {
            "value": 0.00010628628833333363,
            "min": 0.00010628628833333363,
            "max": 0.01951270986666667,
            "count": 100
        },
        "MoveToTarget.IsTraining.mean": {
            "value": 1.0,
            "min": 1.0,
            "max": 1.0,
            "count": 100
        },
        "MoveToTarget.IsTraining.sum": {
            "value": 1.0,
            "min": 1.0,
            "max": 1.0,
            "count": 100
        },
        "MoveToTarget.Environment.EpisodeLength.mean": {
            "value": 1401.093023255814,
            "min": 1119.6666666666667,
            "max": 1460.0,
            "count": 95
        },
        "MoveToTarget.Environment.EpisodeLength.sum": {
            "value": 60247.0,
            "min": 3359.0,
            "max": 145950.0,
            "count": 95
        },
        "MoveToTarget.Environment.CumulativeReward.mean": {
            "value": 0.4849166842660208,
            "min": -0.286504929002064,
            "max": 0.616629314298431,
            "count": 95
        },
        "MoveToTarget.Environment.CumulativeReward.sum": {
            "value": 19.881584054906853,
            "min": -21.487869675154798,
            "max": 35.55430720053846,
            "count": 95
        },
        "MoveToTarget.Policy.ExtrinsicReward.mean": {
            "value": 0.4849166842660208,
            "min": -0.286504929002064,
            "max": 0.616629314298431,
            "count": 95
        },
        "MoveToTarget.Policy.ExtrinsicReward.sum": {
            "value": 19.881584054906853,
            "min": -21.487869675154798,
            "max": 35.55430720053846,
            "count": 95
        }
    },
    "metadata": {
        "timer_format_version": "0.1.0",
        "start_time_seconds": "1732610849",
        "python_version": "3.8.10 (tags/v3.8.10:3d8993a, May  3 2021, 11:48:03) [MSC v.1928 64 bit (AMD64)]",
        "command_line_arguments": "C:\\Work\\Reflex Aim Trainer\\venv\\Scripts\\mlagents-learn config.yaml",
        "mlagents_version": "0.29.0",
        "mlagents_envs_version": "0.29.0",
        "communication_protocol_version": "1.5.0",
        "pytorch_version": "2.4.1+cu124",
        "numpy_version": "1.21.2",
        "end_time_seconds": "1732612440"
    },
    "total": 1591.3311224000001,
    "count": 1,
    "self": 0.32954890000019077,
    "children": {
        "run_training.setup": {
            "total": 0.5042784999999999,
            "count": 1,
            "self": 0.5042784999999999
        },
        "TrainerController.start_learning": {
            "total": 1590.497295,
            "count": 1,
            "self": 0.8565511999936462,
            "children": {
                "TrainerController._reset_env": {
                    "total": 9.5984473,
                    "count": 1,
                    "self": 9.5984473
                },
                "TrainerController.advance": {
                    "total": 1579.9974644000063,
                    "count": 34131,
                    "self": 0.2756619000099363,
                    "children": {
                        "env_step": {
                            "total": 1579.7218024999963,
                            "count": 34131,
                            "self": 416.8630811000319,
                            "children": {
                                "SubprocessEnvManager._take_step": {
                                    "total": 1162.1285889999458,
                                    "count": 242444,
                                    "self": 10.494016299936902,
                                    "children": {
                                        "TorchPolicy.evaluate": {
                                            "total": 1151.634572700009,
                                            "count": 240324,
                                            "self": 318.7694978000005,
                                            "children": {
                                                "TorchPolicy.sample_actions": {
                                                    "total": 832.8650749000084,
                                                    "count": 240324,
                                                    "self": 832.8650749000084
                                                }
                                            }
                                        }
                                    }
                                },
                                "workers": {
                                    "total": 0.7301324000186558,
                                    "count": 34131,
                                    "self": 0.0,
                                    "children": {
                                        "worker_root": {
                                            "total": 15822.512465299858,