{
    "name": "root",
    "gauges": {
        "MoveToTarget.Policy.Entropy.mean": {
            "value": 1.4365787506103516,
            "min": 1.4302194118499756,
            "max": 2.1128313541412354,
            "count": 200
        },
        "MoveToTarget.Policy.Entropy.sum": {
            "value": 71828.9375,
            "min": 70798.5,
            "max": 106718.1484375,
            "count": 200
        },
        "MoveToTarget.Environment.EpisodeLength.mean": {
            "value": 138.47956403269754,
            "min": 115.49537037037037,
            "max": 668.8266666666667,
            "count": 200
        },
        "MoveToTarget.Environment.EpisodeLength.sum": {
            "value": 50822.0,
            "min": 37666.0,
            "max": 54345.0,
            "count": 200
        },
        "MoveToTarget.Step.mean": {
            "value": 9999967.0,
            "min": 49986.0,
            "max": 9999967.0,
            "count": 200
        },
        "MoveToTarget.Step.sum": {
            "value": 9999967.0,
            "min": 49986.0,
            "max": 9999967.0,
            "count": 200
        },
        "MoveToTarget.Policy.ExtrinsicValueEstimate.mean": {
            "value": 0.21224263310432434,
            "min": -2.3567402362823486,
            "max": 0.24259531497955322,
            "count": 200
        },
        "MoveToTarget.Policy.ExtrinsicValueEstimate.sum": {
            "value": 207.78553771972656,
            "min": -2269.540771484375,
            "max": 241.62493896484375,
            "count": 200
        },
        "MoveToTarget.Environment.CumulativeReward.mean": {
            "value": 0.48894265281797333,
            "min": -2.4693991328087193,
            "max": 0.5327788027518962,
            "count": 200
        },
        "MoveToTarget.Environment.CumulativeReward.sum": {
            "value": 178.95301093137823,
            "min": -204.98899984220043,
            "max": 215.75934505672194,
            "count": 200
        },
        "MoveToTarget.Policy.ExtrinsicReward.mean": {
            "value": 0.48894265281797333,
            "min": -2.4693991328087193,
            "max": 0.5327788027518962,
            "count": 200
        },
        "MoveToTarget.Policy.ExtrinsicReward.sum": {
            "value": 178.95301093137823,
            "min": -204.98899984220043,
            "max": 215.75934505672194,
            "count": 200
        },
        "MoveToTarget.Losses.PolicyLoss.mean": {
            "value": 0.010508143283206865,
            "min": 0.006482631989961696,
            "max": 0.022573939718616504,
            "count": 200
        },
        "MoveToTarget.Losses.PolicyLoss.sum": {
            "value": 0.031524429849620596,
            "min": 0.01944789596988509,
            "max": 0.06772181915584952,
            "count": 200
        },
        "MoveToTarget.Losses.ValueLoss.mean": {
            "value": 0.005626830789777968,
            "min": 0.004168624802130379,
            "max": 40.34703285827871,
            "count": 200
        },
        "MoveToTarget.Losses.ValueLoss.sum": {
            "value": 0.016880492369333904,
            "min": 0.012505874406391136,
            "max": 121.04109857483613,
            "count": 200
        },
        "MoveToTarget.Policy.LearningRate.mean": {
            "value": 5.814098062300016e-07,
            "min": 5.814098062300016e-07,
            "max": 0.00029923206025597997,
            "count": 200
        },
        "MoveToTarget.Policy.LearningRate.sum": {
            "value": 1.7442294186900048e-06,
            "min": 1.7442294186900048e-06,
            "max": 0.00119101284299572,
            "count": 200
        },
        "MoveToTarget.Policy.Epsilon.mean": {
            "value": 0.10019377,
            "min": 0.10019377,
            "max": 0.19974402,
            "count": 200
        },
        "MoveToTarget.Policy.Epsilon.sum": {
            "value": 0.30058131,
            "min": 0.30058131,
            "max": 0.7970042800000001,
            "count": 200
        },
        "MoveToTarget.Policy.Beta.mean": {
            "value": 1.9669123000000028e-05,
            "min": 1.9669123000000028e-05,
            "max": 0.004987226597999999,
            "count": 200
        },
        "MoveToTarget.Policy.Beta.sum": {
            "value": 5.9007369000000083e-05,
            "min": 5.9007369000000083e-05,
            "max": 0.019850513572,
            "count": 200
        },
        "MoveToTarget.IsTraining.mean": {
            "value": 1.0,
            "min": 1.0,
            "max": 1.0,
            "count": 200
        },
        "MoveToTarget.IsTraining.sum": {
            "value": 1.0,
            "min": 1.0,
            "max": 1.0,
            "count": 200
        }
    },
    "metadata": {
        "timer_format_version": "0.1.0",
        "start_time_seconds": "1730740050",
        "python_version": "3.8.10 (tags/v3.8.10:3d8993a, May  3 2021, 11:48:03) [MSC v.1928 64 bit (AMD64)]",
        "command_line_arguments": "C:\\Work\\Reflex Aim Trainer\\venv\\Scripts\\mlagents-learn config.yaml",
        "mlagents_version": "0.29.0",
        "mlagents_envs_version": "0.29.0",
        "communication_protocol_version": "1.5.0",
        "pytorch_version": "2.4.1+cu124",
        "numpy_version": "1.21.2",
        "end_time_seconds": "1730743642"
    },
    "total": 3592.2806254,
    "count": 1,
    "self": 0.5120317999999315,
    "children": {
        "run_training.setup": {
            "total": 0.07578899999999944,
            "count": 1,
            "self": 0.07578899999999944
        },
        "TrainerController.start_learning": {
            "total": 3591.6928046000003,
            "count": 1,
            "self": 5.063618400101859,
            "children": {
                "TrainerController._reset_env": {
                    "total": 6.611813100000001,
                    "count": 1,
                    "self": 6.611813100000001
                },
                "TrainerController.advance": {
                    "total": 3579.9894502998986,
                    "count": 451036,
                    "self": 2.331456999886086,
                    "children": {
                        "env_step": {
                            "total": 3577.6579933000125,
                            "count": 451036,
                            "self": 2851.4987799000305,
                            "children": {
                                "SubprocessEnvManager._take_step": {
                                    "total": 723.5566118999682,
                                    "count": 451036,
                                    "self": 13.352557200111505,
                                    "children": {
                                        "TorchPolicy.evaluate": {
                                            "total": 710.2040546998567,
                                            "count": 400038,
                                            "self": 135.81045549989108,
                                            "children": {
                                                "TorchPolicy.sample_actions": {
                                                    "total": 574.3935991999656,
                                                    "count": 400038,
                                                    "self": 574.3935991999656
                                                }
                                            }
                                        }
                                    }
                                },
                                "workers": {
                                    "total": 2.6026015000139413,
                                    "count": 451036,
                                    "self": 0.0,
                                    "children": {
                                        "worker_root": {
                                            "total": 3580.201808399892,
                                            "count": 451036,