{
    "name": "root",
    "metadata": {
        "timer_format_version": "0.1.0",
        "start_time_seconds": "1731376407",
        "python_version": "3.8.10 (tags/v3.8.10:3d8993a, May  3 2021, 11:48:03) [MSC v.1928 64 bit (AMD64)]",
        "command_line_arguments": "C:\\Work\\Reflex Aim Trainer\\venv\\Scripts\\mlagents-learn config.yaml",
        "mlagents_version": "0.29.0",
        "mlagents_envs_version": "0.29.0",
        "communication_protocol_version": "1.5.0",
        "pytorch_version": "2.4.1+cu124",
        "numpy_version": "1.21.2",
        "end_time_seconds": "1731377426"
    },
    "total": 1019.7830571,
    "count": 1,
    "self": 0.0029306999998652827,
    "children": {
        "run_training.setup": {
            "total": 0.07488189999999983,
            "count": 1,
            "self": 0.07488189999999983
        },
        "TrainerController.start_learning": {
            "total": 1019.7052445,
            "count": 1,
            "self": 1.0426247000065132,
            "children": {
                "TrainerController._reset_env": {
                    "total": 10.7885228,
                    "count": 1,
                    "self": 10.7885228
                },
                "TrainerController.advance": {
                    "total": 1007.8377814999935,
                    "count": 74580,
                    "self": 0.4900588999955744,
                    "children": {
                        "env_step": {
                            "total": 1007.347722599998,
                            "count": 74580,
                            "self": 854.6173185999962,
                            "children": {
                                "SubprocessEnvManager._take_step": {
                                    "total": 152.20551859999443,
                                    "count": 74580,
                                    "self": 2.651798799985869,
                                    "children": {
                                        "TorchPolicy.evaluate": {
                                            "total": 149.55371980000857,
                                            "count": 73017,
                                            "self": 25.72024960001289,
                                            "children": {
                                                "TorchPolicy.sample_actions": {
                                                    "total": 123.83347019999567,
                                                    "count": 73017,
                                                    "self": 123.83347019999567
                                                }
                                            }
                                        }
                                    }
                                },
                                "workers": {
                                    "total": 0.5248854000072942,
                                    "count": 74579,
                                    "self": 0.0,
                                    "children": {
                                        "worker_root": {
                                            "total": 945.1807119999952,
                                            "count": 74579,
                                            "is_parallel": true,
                                            "self": 340.4071156999869,
                                            "children": {
                                                "steps_from_proto": {
                                                    "total": 0.0005438000000008714,
                                                    "count": 1,
                                                    "is_parallel": true,
                                                    "self": 0.0001532000000015188,
                                                    "children": {
                                                        "_process_rank_one_or_two_observation": {
                                                            "total": 0.0003905999999993526,
                                                            "count": 4,
                                                            "is_parallel": true,
                                                            "self": 0.0003905999999993526
                                                        }
                                                    }
                                                },
                                                "UnityEnvironment.step": {
                                                    "total": 604.7730525000084,
                                                    "count": 74579,
                                                    "is_parallel": true,
                                                    "self": 10.182713499991792,
                                                    "children": {
                                                        "UnityEnvironment._generate_step_input": {
                                                            "total": 11.834343500001195,
                                                            "count": 74579,
                                                            "is_parallel": true,
                                                            "self": 11.834343500001195
                                                        },
                                                        "communicator.exchange": {
                                                            "total": 552.7638982000153,
                                                            "count": 74579,
                                                            "is_parallel": true,
                                                            "self": 552.7638982000153
                                                        },
                                                        "steps_from_proto": {
                                                            "total": 29.992097300000104,
                                                            "count": 74579,
                                                            "is_parallel": true,
                                                            "self": 8.122325799999686,
                                                            "children": {
                                                                "_process_rank_one_or_two_observation": {
                                                                    "total": 21.869771500000418,
                                                                    "count": 298316,
                                                                    "is_parallel": true,
                                                                    "self": 21.869771500000418
                                                                }
                                                            }
                                                        }
                                                    }
                                                }
                                            }
                                        }
                                    }
                                }
                            }
                        }
                    }
                },
                "TrainerController._save_models": {
                    "total": 0.03631550000000061,
                    "count": 1,
                    "self": 0.004832800000031057,
                    "children": {
                        "RLTrainer._checkpoint": {
                            "total": 0.031482699999969554,
                            "count": 1,
                            "self": 0.031482699999969554
                        }
                    }
                }
            }
        }
    }
}