{
    "name": "root",
    "metadata": {
        "timer_format_version": "0.1.0",
        "start_time_seconds": "1728996300",
        "python_version": "3.8.10 (tags/v3.8.10:3d8993a, May  3 2021, 11:48:03) [MSC v.1928 64 bit (AMD64)]",
        "command_line_arguments": "C:\\Work\\Reflex Aim Trainer\\venv\\Scripts\\mlagents-learn --run-id=test3",
        "mlagents_version": "0.29.0",
        "mlagents_envs_version": "0.29.0",
        "communication_protocol_version": "1.5.0",
        "pytorch_version": "2.4.1+cpu",
        "numpy_version": "1.21.2",
        "end_time_seconds": "1728996681"
    },
    "total": 380.1832075,
    "count": 1,
    "self": 0.0027008000000137145,
    "children": {
        "run_training.setup": {
            "total": 0.016197599999999923,
            "count": 1,
            "self": 0.016197599999999923
        },
        "TrainerController.start_learning": {
            "total": 380.16430909999997,
            "count": 1,
            "self": 0.3165871000046536,
            "children": {
                "TrainerController._reset_env": {
                    "total": 23.8796733,
                    "count": 1,
                    "self": 23.8796733
                },
                "TrainerController.advance": {
                    "total": 355.91245409999533,
                    "count": 38381,
                    "self": 0.2713857000030657,
                    "children": {
                        "env_step": {
                            "total": 351.7742195999974,
                            "count": 38381,
                            "self": 338.4457814999987,
                            "children": {
                                "SubprocessEnvManager._take_step": {
                                    "total": 13.122854699999149,
                                    "count": 38384,
                                    "self": 0.992423999998838,
                                    "children": {
                                        "TorchPolicy.evaluate": {
                                            "total": 12.13043070000031,
                                            "count": 38380,
                                            "self": 2.6757485000020154,
                                            "children": {
                                                "TorchPolicy.sample_actions": {
                                                    "total": 9.454682199998295,
                                                    "count": 38380,
                                                    "self": 9.454682199998295
                                                }
                                            }
                                        }
                                    }
                                },
                                "workers": {
                                    "total": 0.2055833999995862,
                                    "count": 38380,
                                    "self": 0.0,
                                    "children": {
                                        "worker_root": {
                                            "total": 228.97611959999728,
                                            "count": 38380,
                                            "is_parallel": true,
                                            "self": 32.50746799999638,
                                            "children": {
                                                "steps_from_proto": {
                                                    "total": 0.0007078999999983182,
                                                    "count": 4,
                                                    "is_parallel": true,
                                                    "self": 0.0002650000000059549,
                                                    "children": {
                                                        "_process_rank_one_or_two_observation": {
                                                            "total": 0.0004428999999923633,
                                                            "count": 8,
                                                            "is_parallel": true,
                                                            "self": 0.0004428999999923633
                                                        }
                                                    }
                                                },
                                                "UnityEnvironment.step": {
                                                    "total": 196.4679437000009,
                                                    "count": 38380,
                                                    "is_parallel": true,
                                                    "self": 1.2233364000003064,
                                                    "children": {
                                                        "UnityEnvironment._generate_step_input": {
                                                            "total": 1.0338768000013836,
                                                            "count": 38380,
                                                            "is_parallel": true,
                                                            "self": 1.0338768000013836
                                                        },
                                                        "communicator.exchange": {
                                                            "total": 190.95386259999896,
                                                            "count": 38380,
                                                            "is_parallel": true,
                                                            "self": 190.95386259999896
                                                        },
                                                        "steps_from_proto": {
                                                            "total": 3.25686790000022,
                                                            "count": 38380,
                                                            "is_parallel": true,
                                                            "self": 1.6176859000016286,
                                                            "children": {
                                                                "_process_rank_one_or_two_observation": {
                                                                    "total": 1.6391819999985913,
                                                                    "count": 76760,
                                                                    "is_parallel": true,
                                                                    "self": 1.6391819999985913
                                                                }
                                                            }
                                                        }
                                                    }
                                                }
                                            }
                                        }
                                    }
                                }
                            }
                        },
                        "trainer_advance": {
                            "total": 3.86684879999482,
                            "count": 38380,
                            "self": 0.34042999999828893,
                            "children": {
                                "process_trajectory": {
                                    "total": 1.1605840999965658,
                                    "count": 38380,
                                    "self": 1.1605840999965658
                                },
                                "_update_policy": {
                                    "total": 2.365834699999965,