{
    "name": "root",
    "gauges": {
        "MoveToTarget.Policy.Entropy.mean": {
            "value": 1.4009714126586914,
            "min": 1.3762418031692505,
            "max": 1.4159348011016846,
            "count": 50
        },
        "MoveToTarget.Policy.Entropy.sum": {
            "value": 140097.140625,
            "min": 133017.578125,
            "max": 208991.96875,
            "count": 50
        },
        "MoveToTarget.Environment.EpisodeLength.mean": {
            "value": 40.04991749174918,
            "min": 39.013660104459625,
            "max": 233.20924574209246,
            "count": 50
        },
        "MoveToTarget.Environment.EpisodeLength.sum": {
            "value": 97081.0,
            "min": 95849.0,
            "max": 103423.0,
            "count": 50
        },
        "MoveToTarget.Step.mean": {
            "value": 4999965.0,
            "min": 99888.0,
            "max": 4999965.0,
            "count": 50
        },
        "MoveToTarget.Step.sum": {
            "value": 4999965.0,
            "min": 99888.0,
            "max": 4999965.0,
            "count": 50
        },
        "MoveToTarget.Policy.ExtrinsicValueEstimate.mean": {
            "value": 7.877744197845459,
            "min": -1.242152214050293,
            "max": 7.949026107788086,
            "count": 50
        },
        "MoveToTarget.Policy.ExtrinsicValueEstimate.sum": {
            "value": 19253.20703125,
            "min": -1053.3450927734375,
            "max": 19828.54296875,
            "count": 50
        },
        "MoveToTarget.Environment.CumulativeReward.mean": {
            "value": 9.083436596447749,
            "min": -4.5535279805352795,
            "max": 9.137479871175524,
            "count": 50
        },
        "MoveToTarget.Environment.CumulativeReward.sum": {
            "value": 21991.0,
            "min": -1871.5,
            "max": 22746.5,
            "count": 50
        },
        "MoveToTarget.Policy.ExtrinsicReward.mean": {
            "value": 9.083436596447749,
            "min": -4.5535279805352795,
            "max": 9.137479871175524,
            "count": 50
        },
        "MoveToTarget.Policy.ExtrinsicReward.sum": {
            "value": 21991.0,
            "min": -1871.5,
            "max": 22746.5,
            "count": 50
        },
        "MoveToTarget.Losses.PolicyLoss.mean": {
            "value": 0.017261255656679474,
            "min": 0.014333993351707855,
            "max": 0.018938135947876918,
            "count": 50
        },
        "MoveToTarget.Losses.PolicyLoss.sum": {
            "value": 0.17261255656679475,
            "min": 0.12207759355401826,
            "max": 0.1893813594787692,
            "count": 50
        },
        "MoveToTarget.Losses.ValueLoss.mean": {
            "value": 0.2711082943777243,
            "min": 0.15219989087846544,
            "max": 0.5141208401079186,
            "count": 50
        },
        "MoveToTarget.Losses.ValueLoss.sum": {
            "value": 2.7110829437772432,
            "min": 1.252164229667849,
            "max": 4.112966720863349,
            "count": 50
        },
        "MoveToTarget.Policy.LearningRate.mean": {
            "value": 0.00015152683049107302,
            "min": 0.00015152683049107302,
            "max": 0.0002984108367797212,
            "count": 50
        },
        "MoveToTarget.Policy.LearningRate.sum": {
            "value": 0.0015152683049107303,
            "min": 0.0013902337665888903,
            "max": 0.00277556224481261,
            "count": 50
        },
        "MoveToTarget.Policy.Epsilon.mean": {
            "value": 0.15050892700000001,
            "min": 0.15050892700000001,
            "max": 0.19947027875,
            "count": 50
        },
        "MoveToTarget.Policy.Epsilon.sum": {
            "value": 1.5050892700000003,
            "min": 1.36341111,
            "max": 1.9251873899999996,
            "count": 50
        },
        "MoveToTarget.Policy.Beta.mean": {
            "value": 0.0025303954573000003,
            "min": 0.0025303954573000003,
            "max": 0.004973566909625001,
            "count": 50
        },
        "MoveToTarget.Policy.Beta.sum": {
            "value": 0.025303954573,
            "min": 0.023214214389000006,
            "max": 0.046266850761000004,
            "count": 50
        },
        "MoveToTarget.IsTraining.mean": {
            "value": 1.0,
            "min": 1.0,
            "max": 1.0,
            "count": 50
        },
        "MoveToTarget.IsTraining.sum": {
            "value": 1.0,
            "min": 1.0,
            "max": 1.0,
            "count": 50
        }
    },
    "metadata": {
        "timer_format_version": "0.1.0",
        "start_time_seconds": "1729714844",
        "python_version": "3.8.10 (tags/v3.8.10:3d8993a, May  3 2021, 11:48:03) [MSC v.1928 64 bit (AMD64)]",
        "command_line_arguments": "C:\\Work\\Reflex Aim Trainer\\venv\\Scripts\\mlagents-learn config.yaml --run-id=test5 --torch-device cuda",
        "mlagents_version": "0.29.0",
        "mlagents_envs_version": "0.29.0",
        "communication_protocol_version": "1.5.0",
        "pytorch_version": "2.4.1+cu124",
        "numpy_version": "1.21.2",
        "end_time_seconds": "1729715749"
    },
    "total": 905.1378314,
    "count": 1,
    "self": 0.002942799999914314,
    "children": {
        "run_training.setup": {
            "total": 0.0536302999999998,
            "count": 1,
            "self": 0.0536302999999998
        },
        "TrainerController.start_learning": {
            "total": 905.0812583000001,
            "count": 1,
            "self": 1.2960251000095013,
            "children": {
                "TrainerController._reset_env": {
                    "total": 9.6889898,
                    "count": 1,
                    "self": 9.6889898
                },
                "TrainerController.advance": {
                    "total": 894.0178816999905,
                    "count": 48916,
                    "self": 0.30423879998022585,
                    "children": {
                        "env_step": {
                            "total": 893.7136429000103,
                            "count": 48916,
                            "self": 833.6797249000097,
                            "children": {
                                "SubprocessEnvManager._take_step": {
                                    "total": 59.72282080000533,
                                    "count": 48916,
                                    "self": 1.6272165000074708,
                                    "children": {
                                        "TorchPolicy.evaluate": {
                                            "total": 58.09560429999786,
                                            "count": 12774,
                                            "self": 21.314537799999933,
                                            "children": {
                                                "TorchPolicy.sample_actions": {
                                                    "total": 36.78106649999793,
                                                    "count": 12774,
                                                    "self": 36.78106649999793
                                                }
                                            }
                                        }
                                    }
                                },
                                "workers": {
                                    "total": 0.3110971999953662,
                                    "count": 48916,
                                    "self": 0.0,
                                    "children": {
                                        "worker_root": {
                                            "total": 894.3535417000048,
                                            "count": 48916,
                                            "is_parallel": true,