{
    "name": "root",
    "gauges": {
        "MoveToTarget.Policy.Entropy.mean": {
            "value": 2.098989963531494,
            "min": 2.0605194568634033,
            "max": 2.1100666522979736,
            "count": 48
        },
        "MoveToTarget.Policy.Entropy.sum": {
            "value": 105736.625,
            "min": 91950.6796875,
            "max": 122278.359375,
            "count": 48
        },
        "MoveToTarget.Step.mean": {
            "value": 2399967.0,
            "min": 49984.0,
            "max": 2399967.0,
            "count": 48
        },
        "MoveToTarget.Step.sum": {
            "value": 2399967.0,
            "min": 49984.0,
            "max": 2399967.0,
            "count": 48
        },
        "MoveToTarget.Policy.ExtrinsicValueEstimate.mean": {
            "value": 0.01434638723731041,
            "min": -0.46739181876182556,
            "max": 0.01489095576107502,
            "count": 48
        },
        "MoveToTarget.Policy.ExtrinsicValueEstimate.sum": {
            "value": 11.391031265258789,
            "min": -365.03302001953125,
            "max": 11.778745651245117,
            "count": 48
        },
        "MoveToTarget.Losses.PolicyLoss.mean": {
            "value": 0.011524647079770349,
            "min": 0.006458885715498279,
            "max": 0.014239475667838836,
            "count": 48
        },
        "MoveToTarget.Losses.PolicyLoss.sum": {
            "value": 0.03457394123931105,
            "min": 0.019376657146494836,
            "max": 0.04271842700351651,
            "count": 48
        },
        "MoveToTarget.Losses.ValueLoss.mean": {
            "value": 0.00023835680177499956,
            "min": 0.00020925154037993506,
            "max": 0.028389870926427346,
            "count": 48
        },
        "MoveToTarget.Losses.ValueLoss.sum": {
            "value": 0.0007150704053249987,
            "min": 0.0005986818602347437,
            "max": 0.05677974185285469,
            "count": 48
        },
        "MoveToTarget.Policy.LearningRate.mean": {
            "value": 0.0002928636903787707,
            "min": 0.0002928636903787707,
            "max": 0.00029992224002592003,
            "count": 48
        },
        "MoveToTarget.Policy.LearningRate.sum": {
            "value": 0.0008785910711363121,
            "min": 0.0005926473024509,
            "max": 0.00089937984020672,
            "count": 48
        },
        "MoveToTarget.Policy.Epsilon.mean": {
            "value": 0.19762122933333334,
            "min": 0.19762122933333334,
            "max": 0.19997408,
            "count": 48
        },
        "MoveToTarget.Policy.Epsilon.sum": {
            "value": 0.592863688,
            "min": 0.39754910000000004,
            "max": 0.5997932800000001,
            "count": 48
        },
        "MoveToTarget.Policy.Beta.mean": {
            "value": 0.004881299343733333,
            "min": 0.004881299343733333,
            "max": 0.004998706592,
            "count": 48
        },
        "MoveToTarget.Policy.Beta.sum": {
            "value": 0.0146438980312,
            "min": 0.00987770009,
            "max": 0.014989684671999997,
            "count": 48
        },
        "MoveToTarget.IsTraining.mean": {
            "value": 1.0,
            "min": 1.0,
            "max": 1.0,
            "count": 48
        },
        "MoveToTarget.IsTraining.sum": {
            "value": 1.0,
            "min": 1.0,
            "max": 1.0,
            "count": 48
        },
        "MoveToTarget.Environment.EpisodeLength.mean": {
            "value": 1393.375,
            "min": 1087.0,
            "max": 1448.0,
            "count": 42
        },
        "MoveToTarget.Environment.EpisodeLength.sum": {
            "value": 44588.0,
            "min": 1087.0,
            "max": 108600.0,
            "count": 42
        },
        "MoveToTarget.Environment.CumulativeReward.mean": {
            "value": 0.4227019843747257,
            "min": -0.332505194619298,
            "max": 0.6041965484619141,
            "count": 42
        },
        "MoveToTarget.Environment.CumulativeReward.sum": {
            "value": 13.526463499991223,
            "min": -14.212893733638339,
            "max": 24.921018188237213,
            "count": 42
        },
        "MoveToTarget.Policy.ExtrinsicReward.mean": {
            "value": 0.4227019843747257,
            "min": -0.332505194619298,
            "max": 0.6041965484619141,
            "count": 42
        },
        "MoveToTarget.Policy.ExtrinsicReward.sum": {
            "value": 13.526463499991223,
            "min": -14.212893733638339,
            "max": 24.921018188237213,
            "count": 42
        }
    },
    "metadata": {
        "timer_format_version": "0.1.0",
        "start_time_seconds": "1731559852",
        "python_version": "3.8.10 (tags/v3.8.10:3d8993a, May  3 2021, 11:48:03) [MSC v.1928 64 bit (AMD64)]",
        "command_line_arguments": "C:\\Work\\Reflex Aim Trainer\\venv\\Scripts\\mlagents-learn config.yaml",
        "mlagents_version": "0.29.0",
        "mlagents_envs_version": "0.29.0",
        "communication_protocol_version": "1.5.0",
        "pytorch_version": "2.4.1+cu124",
        "numpy_version": "1.21.2",
        "end_time_seconds": "1731560459"
    },
    "total": 606.318982,
    "count": 1,
    "self": 4.2340211999999156,
    "children": {
        "run_training.setup": {
            "total": 0.4547449000000001,
            "count": 1,
            "self": 0.4547449000000001
        },
        "TrainerController.start_learning": {
            "total": 601.6302159,
            "count": 1,
            "self": 0.3551817999997411,
            "children": {
                "TrainerController._reset_env": {
                    "total": 9.7109908,
                    "count": 1,
                    "self": 9.7109908
                },
                "TrainerController.advance": {
                    "total": 591.4894400000003,
                    "count": 14938,
                    "self": 0.1299033999994208,
                    "children": {
                        "env_step": {
                            "total": 591.3595366000009,
                            "count": 14938,
                            "self": 193.87165130000614,
                            "children": {
                                "SubprocessEnvManager._take_step": {
                                    "total": 397.18112789999844,
                                    "count": 96867,
                                    "self": 3.966602199999386,
                                    "children": {
                                        "TorchPolicy.evaluate": {
                                            "total": 393.21452569999906,
                                            "count": 96604,
                                            "self": 98.43364279999344,
                                            "children": {
                                                "TorchPolicy.sample_actions": {
                                                    "total": 294.7808829000056,
                                                    "count": 96604,
                                                    "self": 294.7808829000056
                                                }
                                            }
                                        }
                                    }
                                },
                                "workers": {
                                    "total": 0.30675739999627183,
                                    "count": 14938,
                                    "self": 0.0,
                                    "children": {
                                        "worker_root": {
                                            "total": 5935.8193143000235,
                                            "count": 96864,
                                            "is_parallel": true,