{
    "name": "root",
    "gauges": {
        "MoveToTarget.Policy.Entropy.mean": {
            "value": 1.442976951599121,
            "min": 1.4417011737823486,
            "max": 2.1084253787994385,
            "count": 41
        },
        "MoveToTarget.Policy.Entropy.sum": {
            "value": 146065.34375,
            "min": 144334.984375,
            "max": 213478.0625,
            "count": 41
        },
        "MoveToTarget.Step.mean": {
            "value": 4099982.0,
            "min": 99980.0,
            "max": 4099982.0,
            "count": 41
        },
        "MoveToTarget.Step.sum": {
            "value": 4099982.0,
            "min": 99980.0,
            "max": 4099982.0,
            "count": 41
        },
        "MoveToTarget.Policy.ExtrinsicValueEstimate.mean": {
            "value": -0.10416524112224579,
            "min": -0.16012349724769592,
            "max": -0.047971416264772415,
            "count": 41
        },
        "MoveToTarget.Policy.ExtrinsicValueEstimate.sum": {
            "value": -178.12255859375,
            "min": -268.20684814453125,
            "max": -81.8392333984375,
            "count": 41
        },
        "MoveToTarget.Environment.EpisodeLength.mean": {
            "value": 452.23636363636365,
            "min": 452.23636363636365,
            "max": 694.723076923077,
            "count": 41
        },
        "MoveToTarget.Environment.EpisodeLength.sum": {
            "value": 99492.0,
            "min": 90314.0,
            "max": 106847.0,
            "count": 41
        },
        "MoveToTarget.Losses.PolicyLoss.mean": {
            "value": 0.012829257915857144,
            "min": 0.008081756485302726,
            "max": 0.026645369944162667,
            "count": 41
        },
        "MoveToTarget.Losses.PolicyLoss.sum": {
            "value": 0.07697554749514286,
            "min": 0.04849053891181636,
            "max": 0.159872219664976,
            "count": 41
        },
        "MoveToTarget.Losses.ValueLoss.mean": {
            "value": 0.0002309337847287275,
            "min": 0.00015027561221359065,
            "max": 9.94488537039332,
            "count": 41
        },
        "MoveToTarget.Losses.ValueLoss.sum": {
            "value": 0.001385602708372365,
            "min": 0.0009016536732815439,
            "max": 59.66931222235992,
            "count": 41
        },
        "MoveToTarget.Policy.LearningRate.mean": {
            "value": 0.0002878732875422388,
            "min": 0.0002878732875422388,
            "max": 0.0002998248035583988,
            "count": 41
        },
        "MoveToTarget.Policy.LearningRate.sum": {
            "value": 0.0017272397252534326,
            "min": 0.0017272397252534326,
            "max": 0.002067456268847914,
            "count": 41
        },
        "MoveToTarget.Policy.Epsilon.mean": {
            "value": 0.19595776116666666,
            "min": 0.19595776116666666,
            "max": 0.19994160116666668,
            "count": 41
        },
        "MoveToTarget.Policy.Epsilon.sum": {
            "value": 1.175746567,
            "min": 1.175746567,
            "max": 1.3891520860000002,
            "count": 41
        },
        "MoveToTarget.Policy.Beta.mean": {
            "value": 0.004798292282216666,
            "min": 0.004798292282216666,
            "max": 0.004997085898216667,
            "count": 41
        },
        "MoveToTarget.Policy.Beta.sum": {
            "value": 0.028789753693299995,
            "min": 0.028789753693299995,
            "max": 0.0344586890914,
            "count": 41
        },
        "MoveToTarget.Environment.CumulativeReward.mean": {
            "value": -0.546086299656467,
            "min": -1.1381020776682744,
            "max": -0.546086299656467,
            "count": 41
        },
        "MoveToTarget.Environment.CumulativeReward.sum": {
            "value": -120.13898592442274,
            "min": -170.58998279832304,
            "max": -119.33998613059521,
            "count": 41
        },
        "MoveToTarget.Policy.ExtrinsicReward.mean": {
            "value": -0.546086299656467,
            "min": -1.1381020776682744,
            "max": -0.546086299656467,
            "count": 41
        },
        "MoveToTarget.Policy.ExtrinsicReward.sum": {
            "value": -120.13898592442274,
            "min": -170.58998279832304,
            "max": -119.33998613059521,
            "count": 41
        },
        "MoveToTarget.IsTraining.mean": {
            "value": 1.0,
            "min": 1.0,
            "max": 1.0,
            "count": 41
        },
        "MoveToTarget.IsTraining.sum": {
            "value": 1.0,
            "min": 1.0,
            "max": 1.0,
            "count": 41
        }
    },
    "metadata": {
        "timer_format_version": "0.1.0",
        "start_time_seconds": "1730170714",
        "python_version": "3.8.10 (tags/v3.8.10:3d8993a, May  3 2021, 11:48:03) [MSC v.1928 64 bit (AMD64)]",
        "command_line_arguments": "C:\\Work\\Reflex Aim Trainer\\venv\\Scripts\\mlagents-learn config.yaml",
        "mlagents_version": "0.29.0",
        "mlagents_envs_version": "0.29.0",
        "communication_protocol_version": "1.5.0",
        "pytorch_version": "2.4.1+cu124",
        "numpy_version": "1.21.2",
        "end_time_seconds": "1730172743"
    },
    "total": 2028.4321803,
    "count": 1,
    "self": 10.003487599999971,
    "children": {
        "run_training.setup": {
            "total": 0.07647409999999999,
            "count": 1,
            "self": 0.07647409999999999
        },
        "TrainerController.start_learning": {
            "total": 2018.3522186,
            "count": 1,
            "self": 2.4417796000113867,
            "children": {
                "TrainerController._reset_env": {
                    "total": 11.9038811,
                    "count": 1,
                    "self": 11.9038811
                },
                "TrainerController.advance": {
                    "total": 2003.9245451999886,
                    "count": 171710,
                    "self": 1.050470499941639,
                    "children": {
                        "env_step": {
                            "total": 2002.874074700047,
                            "count": 171710,
                            "self": 1410.7108603000502,
                            "children": {
                                "SubprocessEnvManager._take_step": {
                                    "total": 590.9540491999708,
                                    "count": 171711,
                                    "self": 6.2662902999827566,
                                    "children": {
                                        "TorchPolicy.evaluate": {
                                            "total": 584.687758899988,
                                            "count": 165746,
                                            "self": 199.30705329994714,
                                            "children": {
                                                "TorchPolicy.sample_actions": {
                                                    "total": 385.38070560004087,
                                                    "count": 165746,
                                                    "self": 385.38070560004087
                                                }
                                            }
                                        }
                                    }
                                },
                                "workers": {
                                    "total": 1.2091652000259572,
                                    "count": 171709,
                                    "self": 0.0,
                                    "children": {
                                        "worker_root": {
                                            "total": 1989.5908232000236,
                                            "count": 171709,