{
    "name": "root",
    "metadata": {
        "timer_format_version": "0.1.0",
        "start_time_seconds": "1731518093",
        "python_version": "3.8.10 (tags/v3.8.10:3d8993a, May  3 2021, 11:48:03) [MSC v.1928 64 bit (AMD64)]",
        "command_line_arguments": "C:\\Work\\Reflex Aim Trainer\\venv\\Scripts\\mlagents-learn config.yaml --resume",
        "mlagents_version": "0.29.0",
        "mlagents_envs_version": "0.29.0",
        "communication_protocol_version": "1.5.0",
        "pytorch_version": "2.4.1+cu124",
        "numpy_version": "1.21.2",
        "end_time_seconds": "1731535622"
    },
    "total": 17528.826341900003,
    "count": 1,
    "self": 0.003998400003183633,
    "children": {
        "run_training.setup": {
            "total": 0.10758440000000036,
            "count": 1,
            "self": 0.10758440000000036
        },
        "TrainerController.start_learning": {
            "total": 17528.7147591,
            "count": 1,
            "self": 18.000838599891722,
            "children": {
                "TrainerController._reset_env": {
                    "total": 22.910500300000002,
                    "count": 1,
                    "self": 22.910500300000002
                },
                "TrainerController.advance": {
                    "total": 17487.76386630011,
                    "count": 1262714,
                    "self": 8.226029198762262,
                    "children": {
                        "env_step": {
                            "total": 17479.537837101347,
                            "count": 1262714,
                            "self": 14876.846202801742,
                            "children": {
                                "SubprocessEnvManager._take_step": {
                                    "total": 2593.046134900018,
                                    "count": 1262714,
                                    "self": 44.52610520050075,
                                    "children": {
                                        "TorchPolicy.evaluate": {
                                            "total": 2548.520029699517,
                                            "count": 1170625,
                                            "self": 447.1395084983069,
                                            "children": {
                                                "TorchPolicy.sample_actions": {
                                                    "total": 2101.3805212012103,
                                                    "count": 1170625,
                                                    "self": 2101.3805212012103
                                                }
                                            }
                                        }
                                    }
                                },
                                "workers": {
                                    "total": 9.645499399586551,
                                    "count": 1262713,
                                    "self": 0.0,
                                    "children": {
                                        "worker_root": {
                                            "total": 17423.20528389983,
                                            "count": 1262713,
                                            "is_parallel": true,
                                            "self": 5812.202357800115,
                                            "children": {
                                                "steps_from_proto": {
                                                    "total": 0.00287050000000022,
                                                    "count": 1,
                                                    "is_parallel": true,
                                                    "self": 0.0011421999999967625,
                                                    "children": {
                                                        "_process_rank_one_or_two_observation": {
                                                            "total": 0.0017283000000034576,
                                                            "count": 4,
                                                            "is_parallel": true,
                                                            "self": 0.0017283000000034576
                                                        }
                                                    }
                                                },
                                                "UnityEnvironment.step": {
                                                    "total": 11611.000055599716,
                                                    "count": 1262713,
                                                    "is_parallel": true,
                                                    "self": 177.38987759817428,
                                                    "children": {
                                                        "UnityEnvironment._generate_step_input": {
                                                            "total": 206.85098730094057,
                                                            "count": 1262713,
                                                            "is_parallel": true,
                                                            "self": 206.85098730094057
                                                        },
                                                        "communicator.exchange": {
                                                            "total": 10720.975507199717,
                                                            "count": 1262713,
                                                            "is_parallel": true,
                                                            "self": 10720.975507199717
                                                        },
                                                        "steps_from_proto": {
                                                            "total": 505.78368350088374,
                                                            "count": 1262713,
                                                            "is_parallel": true,
                                                            "self": 138.97965900308554,
                                                            "children": {
                                                                "_process_rank_one_or_two_observation": {
                                                                    "total": 366.8040244977982,
                                                                    "count": 5050852,
                                                                    "is_parallel": true,
                                                                    "self": 366.8040244977982
                                                                }
                                                            }
                                                        }
                                                    }
                                                }
                                            }
                                        }
                                    }
                                }
                            }
                        }
                    }
                },
                "TrainerController._save_models": {
                    "total": 0.03955389999828185,
                    "count": 1,
                    "self": 0.005579099997703452,
                    "children": {
                        "RLTrainer._checkpoint": {
                            "total": 0.0339748000005784,
                            "count": 1,
                            "self": 0.0339748000005784
                        }
                    }
                }
            }
        }
    }
}