{
    "name": "root",
    "gauges": {
        "MoveToTarget.Policy.Entropy.mean": {
            "value": 1.3845598697662354,
            "min": 1.3845598697662354,
            "max": 1.4180264472961426,
            "count": 10
        },
        "MoveToTarget.Policy.Entropy.sum": {
            "value": 138317.53125,
            "min": 138317.53125,
            "max": 143149.765625,
            "count": 10
        },
        "MoveToTarget.Environment.EpisodeLength.mean": {
            "value": 57.70481220657277,
            "min": 57.70481220657277,
            "max": 233.05314009661836,
            "count": 10
        },
        "MoveToTarget.Environment.EpisodeLength.sum": {
            "value": 98329.0,
            "min": 96484.0,
            "max": 101029.0,
            "count": 10
        },
        "MoveToTarget.Step.mean": {
            "value": 999991.0,
            "min": 99970.0,
            "max": 999991.0,
            "count": 10
        },
        "MoveToTarget.Step.sum": {
            "value": 999991.0,
            "min": 99970.0,
            "max": 999991.0,
            "count": 10
        },
        "MoveToTarget.Policy.ExtrinsicValueEstimate.mean": {
            "value": 7.414093971252441,
            "min": -0.30670788884162903,
            "max": 7.414093971252441,
            "count": 10
        },
        "MoveToTarget.Policy.ExtrinsicValueEstimate.sum": {
            "value": 17986.591796875,
            "min": -514.9625244140625,
            "max": 17986.591796875,
            "count": 10
        },
        "MoveToTarget.Environment.CumulativeReward.mean": {
            "value": 9.535366497029308,
            "min": -1.0130435125407389,
            "max": 9.535366497029308,
            "count": 10
        },
        "MoveToTarget.Environment.CumulativeReward.sum": {
            "value": 16257.799877434969,
            "min": -424.10001438856125,
            "max": 16257.799877434969,
            "count": 10
        },
        "MoveToTarget.Policy.ExtrinsicReward.mean": {
            "value": 9.535366497029308,
            "min": -1.0130435125407389,
            "max": 9.535366497029308,
            "count": 10
        },
        "MoveToTarget.Policy.ExtrinsicReward.sum": {
            "value": 16257.799877434969,
            "min": -424.10001438856125,
            "max": 16257.799877434969,
            "count": 10
        },
        "MoveToTarget.Losses.PolicyLoss.mean": {
            "value": 0.011631386269275228,
            "min": 0.008858434711909367,
            "max": 0.012773027548973914,
            "count": 10
        },
        "MoveToTarget.Losses.PolicyLoss.sum": {
            "value": 0.06978831761565137,
            "min": 0.0531506082714562,
            "max": 0.07663816529384349,
            "count": 10
        },
        "MoveToTarget.Losses.ValueLoss.mean": {
            "value": 0.2589756463550859,
            "min": 0.13997643950602245,
            "max": 0.5478721836374866,
            "count": 10
        },
        "MoveToTarget.Losses.ValueLoss.sum": {
            "value": 1.5538538781305153,
            "min": 0.8398586370361347,
            "max": 3.2872331018249192,
            "count": 10
        },
        "MoveToTarget.Policy.LearningRate.mean": {
            "value": 0.00027163653945449,
            "min": 0.00027163653945449,
            "max": 0.00029826441557852826,
            "count": 10
        },
        "MoveToTarget.Policy.LearningRate.sum": {
            "value": 0.00162981923672694,
            "min": 0.00162981923672694,
            "max": 0.0017895864934711697,
            "count": 10
        },
        "MoveToTarget.Policy.Epsilon.mean": {
            "value": 0.19054551,
            "min": 0.19054551,
            "max": 0.19942147166666668,
            "count": 10
        },
        "MoveToTarget.Policy.Epsilon.sum": {
            "value": 1.14327306,
            "min": 1.14327306,
            "max": 1.19652883,
            "count": 10
        },
        "MoveToTarget.Policy.Beta.mean": {
            "value": 0.0045282209490000004,
            "min": 0.0045282209490000004,
            "max": 0.004971131436166666,
            "count": 10
        },
        "MoveToTarget.Policy.Beta.sum": {
            "value": 0.027169325694,
            "min": 0.027169325694,
            "max": 0.029826788617,
            "count": 10
        },
        "MoveToTarget.IsTraining.mean": {
            "value": 1.0,
            "min": 1.0,
            "max": 1.0,
            "count": 10
        },
        "MoveToTarget.IsTraining.sum": {
            "value": 1.0,
            "min": 1.0,
            "max": 1.0,
            "count": 10
        }
    },
    "metadata": {
        "timer_format_version": "0.1.0",
        "start_time_seconds": "1730067672",
        "python_version": "3.8.10 (tags/v3.8.10:3d8993a, May  3 2021, 11:48:03) [MSC v.1928 64 bit (AMD64)]",
        "command_line_arguments": "C:\\Work\\Reflex Aim Trainer\\venv\\Scripts\\mlagents-learn config.yaml",
        "mlagents_version": "0.29.0",
        "mlagents_envs_version": "0.29.0",
        "communication_protocol_version": "1.5.0",
        "pytorch_version": "2.4.1+cu124",
        "numpy_version": "1.21.2",
        "end_time_seconds": "1730068122"
    },
    "total": 450.17678070000005,
    "count": 1,
    "self": 0.002692600000045786,
    "children": {
        "run_training.setup": {
            "total": 0.05459869999999989,
            "count": 1,
            "self": 0.05459869999999989
        },
        "TrainerController.start_learning": {
            "total": 450.1194894,
            "count": 1,
            "self": 0.6801878999950759,
            "children": {
                "TrainerController._reset_env": {
                    "total": 14.829619600000001,
                    "count": 1,
                    "self": 14.829619600000001
                },
                "TrainerController.advance": {
                    "total": 434.5086441000049,
                    "count": 51640,
                    "self": 0.2862399999975196,
                    "children": {
                        "env_step": {
                            "total": 434.2224041000074,
                            "count": 51640,
                            "self": 325.39352480000423,
                            "children": {
                                "SubprocessEnvManager._take_step": {
                                    "total": 108.49701700000739,
                                    "count": 51640,
                                    "self": 1.673009300009113,
                                    "children": {
                                        "TorchPolicy.evaluate": {
                                            "total": 106.82400769999828,
                                            "count": 43681,
                                            "self": 38.46322909999893,
                                            "children": {
                                                "TorchPolicy.sample_actions": {
                                                    "total": 68.36077859999935,
                                                    "count": 43681,
                                                    "self": 68.36077859999935
                                                }
                                            }
                                        }
                                    }
                                },
                                "workers": {
                                    "total": 0.3318622999958123,
                                    "count": 51639,
                                    "self": 0.0,
                                    "children": {
                                        "worker_root": {
                                            "total": 424.0213507000029,
                                            "count": 51639,
                                            "is_parallel": true,