{
    "name": "root",
    "gauges": {
        "MoveToTarget.Policy.Entropy.mean": {
            "value": 2.0371925830841064,
            "min": 1.998982310295105,
            "max": 2.1212587356567383,
            "count": 200
        },
        "MoveToTarget.Policy.Entropy.sum": {
            "value": 101554.0546875,
            "min": 99836.8515625,
            "max": 107282.65625,
            "count": 200
        },
        "MoveToTarget.Step.mean": {
            "value": 9999994.0,
            "min": 49985.0,
            "max": 9999994.0,
            "count": 200
        },
        "MoveToTarget.Step.sum": {
            "value": 9999994.0,
            "min": 49985.0,
            "max": 9999994.0,
            "count": 200
        },
        "MoveToTarget.Policy.ExtrinsicValueEstimate.mean": {
            "value": 0.032366491854190826,
            "min": -0.005369371268898249,
            "max": 0.11877183616161346,
            "count": 200
        },
        "MoveToTarget.Policy.ExtrinsicValueEstimate.sum": {
            "value": 25.79609489440918,
            "min": -4.295496940612793,
            "max": 93.82975006103516,
            "count": 200
        },
        "MoveToTarget.Losses.PolicyLoss.mean": {
            "value": 0.009400348657638663,
            "min": 0.0074125493702013046,
            "max": 0.015495658344459824,
            "count": 200
        },
        "MoveToTarget.Losses.PolicyLoss.sum": {
            "value": 0.028201045972915992,
            "min": 0.017544841209504135,
            "max": 0.048617828579153866,
            "count": 200
        },
        "MoveToTarget.Losses.ValueLoss.mean": {
            "value": 0.0003157781425721219,
            "min": 0.0002695364738529962,
            "max": 0.02325249061686918,
            "count": 200
        },
        "MoveToTarget.Losses.ValueLoss.sum": {
            "value": 0.0009473344277163658,
            "min": 0.0008086094215589885,
            "max": 0.04650498123373836,
            "count": 200
        },
        "MoveToTarget.Policy.LearningRate.mean": {
            "value": 6.177697941100036e-07,
            "min": 6.177697941100036e-07,
            "max": 0.0002992176002608,
            "count": 200
        },
        "MoveToTarget.Policy.LearningRate.sum": {
            "value": 1.8533093823300109e-06,
            "min": 1.8533093823300109e-06,
            "max": 0.00091500747499754,
            "count": 200
        },
        "MoveToTarget.Policy.Epsilon.mean": {
            "value": 0.10020589000000002,
            "min": 0.10020589000000002,
            "max": 0.1997392,
            "count": 200
        },
        "MoveToTarget.Policy.Epsilon.sum": {
            "value": 0.30061767000000006,
            "min": 0.30061767000000006,
            "max": 0.7050024600000001,
            "count": 200
        },
        "MoveToTarget.Policy.Beta.mean": {
            "value": 2.027391100000006e-05,
            "min": 2.027391100000006e-05,
            "max": 0.00498698608,
            "count": 200
        },
        "MoveToTarget.Policy.Beta.sum": {
            "value": 6.082173300000018e-05,
            "min": 6.082173300000018e-05,
            "max": 0.015259622754000002,
            "count": 200
        },
        "MoveToTarget.Environment.EpisodeLength.mean": {
            "value": 1366.9411764705883,
            "min": 1262.6341463414635,
            "max": 1448.0,
            "count": 200
        },
        "MoveToTarget.Environment.EpisodeLength.sum": {
            "value": 46476.0,
            "min": 36126.0,
            "max": 72350.0,
            "count": 200
        },
        "MoveToTarget.Environment.CumulativeReward.mean": {
            "value": 0.4756622830104521,
            "min": -0.557204769840464,
            "max": 0.6103856266771972,
            "count": 200
        },
        "MoveToTarget.Environment.CumulativeReward.sum": {
            "value": 16.17251762235537,
            "min": -17.422733354149386,
            "max": 24.596569484565407,
            "count": 200
        },
        "MoveToTarget.Policy.ExtrinsicReward.mean": {
            "value": 0.4756622830104521,
            "min": -0.557204769840464,
            "max": 0.6103856266771972,
            "count": 200
        },
        "MoveToTarget.Policy.ExtrinsicReward.sum": {
            "value": 16.17251762235537,
            "min": -17.422733354149386,
            "max": 24.596569484565407,
            "count": 200
        },
        "MoveToTarget.IsTraining.mean": {
            "value": 1.0,
            "min": 1.0,
            "max": 1.0,
            "count": 200
        },
        "MoveToTarget.IsTraining.sum": {
            "value": 1.0,
            "min": 1.0,
            "max": 1.0,
            "count": 200
        }
    },
    "metadata": {
        "timer_format_version": "0.1.0",
        "start_time_seconds": "1732570474",
        "python_version": "3.8.10 (tags/v3.8.10:3d8993a, May  3 2021, 11:48:03) [MSC v.1928 64 bit (AMD64)]",
        "command_line_arguments": "C:\\Work\\Reflex Aim Trainer\\venv\\Scripts\\mlagents-learn config.yaml",
        "mlagents_version": "0.29.0",
        "mlagents_envs_version": "0.29.0",
        "communication_protocol_version": "1.5.0",
        "pytorch_version": "2.4.1+cu124",
        "numpy_version": "1.21.2",
        "end_time_seconds": "1732576397"
    },
    "total": 5922.7434448,
    "count": 1,
    "self": 0.4088467000010496,
    "children": {
        "run_training.setup": {
            "total": 0.05569590000000013,
            "count": 1,
            "self": 0.05569590000000013
        },
        "TrainerController.start_learning": {
            "total": 5922.2789022,
            "count": 1,
            "self": 7.02136529944346,
            "children": {
                "TrainerController._reset_env": {
                    "total": 3.1292803000000005,
                    "count": 1,
                    "self": 3.1292803000000005
                },
                "TrainerController.advance": {
                    "total": 5912.0927389005565,
                    "count": 406173,
                    "self": 3.302377500314833,
                    "children": {
                        "env_step": {
                            "total": 5908.790361400242,
                            "count": 406173,
                            "self": 4280.130119100495,
                            "children": {
                                "SubprocessEnvManager._take_step": {
                                    "total": 1624.8925470999393,
                                    "count": 406173,
                                    "self": 19.28787429998556,
                                    "children": {
                                        "TorchPolicy.evaluate": {
                                            "total": 1605.6046727999537,
                                            "count": 400031,
                                            "self": 242.90580179996664,
                                            "children": {
                                                "TorchPolicy.sample_actions": {
                                                    "total": 1362.698870999987,
                                                    "count": 400031,
                                                    "self": 1362.698870999987
                                                }
                                            }
                                        }
                                    }
                                },
                                "workers": {
                                    "total": 3.767695199807253,
                                    "count": 406173,
                                    "self": 0.0,
                                    "children": {
                                        "worker_root": {
                                            "total": 5911.285233800014,