{
    "name": "root",
    "gauges": {
        "MoveToTarget.Policy.Entropy.mean": {
            "value": 2.054231882095337,
            "min": 1.9997929334640503,
            "max": 2.116612672805786,
            "count": 100
        },
        "MoveToTarget.Policy.Entropy.sum": {
            "value": 123613.40625,
            "min": 119887.5859375,
            "max": 127896.3203125,
            "count": 100
        },
        "MoveToTarget.Step.mean": {
            "value": 5999996.0,
            "min": 59949.0,
            "max": 5999996.0,
            "count": 100
        },
        "MoveToTarget.Step.sum": {
            "value": 5999996.0,
            "min": 59949.0,
            "max": 5999996.0,
            "count": 100
        },
        "MoveToTarget.Policy.ExtrinsicValueEstimate.mean": {
            "value": 0.02784290537238121,
            "min": -0.020955687388777733,
            "max": 0.17423295974731445,
            "count": 100
        },
        "MoveToTarget.Policy.ExtrinsicValueEstimate.sum": {
            "value": 26.422916412353516,
            "min": -19.845035552978516,
            "max": 163.95321655273438,
            "count": 100
        },
        "MoveToTarget.Losses.PolicyLoss.mean": {
            "value": 0.01066328800516203,
            "min": 0.007621364541895067,
            "max": 0.013350270313417746,
            "count": 100
        },
        "MoveToTarget.Losses.PolicyLoss.sum": {
            "value": 0.04265315202064812,
            "min": 0.02445517348436018,
            "max": 0.05213462375104427,
            "count": 100
        },
        "MoveToTarget.Losses.ValueLoss.mean": {
            "value": 0.00028692022957936086,
            "min": 0.00026608393697339733,
            "max": 0.018772463488858193,
            "count": 100
        },
        "MoveToTarget.Losses.ValueLoss.sum": {
            "value": 0.0011476809183174435,
            "min": 0.0008071213233051822,
            "max": 0.05631739046657458,
            "count": 100
        },
        "MoveToTarget.Policy.LearningRate.mean": {
            "value": 1.2929745690416684e-06,
            "min": 1.2929745690416684e-06,
            "max": 0.0002982605839131389,
            "count": 100
        },
        "MoveToTarget.Policy.LearningRate.sum": {
            "value": 5.171898276166674e-06,
            "min": 5.171898276166674e-06,
            "max": 0.0011703490098836666,
            "count": 100
        },
        "MoveToTarget.Policy.Epsilon.mean": {
            "value": 0.10043095833333333,
            "min": 0.10043095833333333,
            "max": 0.19942019444444448,
            "count": 100
        },
        "MoveToTarget.Policy.Epsilon.sum": {
            "value": 0.40172383333333334,
            "min": 0.3074707166666667,
            "max": 0.7901163333333333,
            "count": 100
        },
        "MoveToTarget.Policy.Beta.mean": {
            "value": 3.150482083333336e-05,
            "min": 3.150482083333336e-05,
            "max": 0.004971067702777779,
            "count": 100
        },
        "MoveToTarget.Policy.Beta.sum": {
            "value": 0.00012601928333333344,
            "min": 0.00012601928333333344,
            "max": 0.01950680503333333,
            "count": 100
        },
        "MoveToTarget.Environment.EpisodeLength.mean": {
            "value": 1414.1363636363637,
            "min": 1336.9347826086957,
            "max": 1460.0,
            "count": 100
        },
        "MoveToTarget.Environment.EpisodeLength.sum": {
            "value": 62222.0,
            "min": 36416.0,
            "max": 72950.0,
            "count": 100
        },
        "MoveToTarget.Environment.CumulativeReward.mean": {
            "value": 0.4315462424485965,
            "min": -1.297104313466698,
            "max": 0.5181067570532754,
            "count": 100
        },
        "MoveToTarget.Environment.CumulativeReward.sum": {
            "value": 18.988034667738248,
            "min": -47.257742614950985,
            "max": 23.832910824450664,
            "count": 100
        },
        "MoveToTarget.Policy.ExtrinsicReward.mean": {
            "value": 0.4315462424485965,
            "min": -1.297104313466698,
            "max": 0.5181067570532754,
            "count": 100
        },
        "MoveToTarget.Policy.ExtrinsicReward.sum": {
            "value": 18.988034667738248,
            "min": -47.257742614950985,
            "max": 23.832910824450664,
            "count": 100
        },
        "MoveToTarget.IsTraining.mean": {
            "value": 1.0,
            "min": 1.0,
            "max": 1.0,
            "count": 100
        },
        "MoveToTarget.IsTraining.sum": {
            "value": 1.0,
            "min": 1.0,
            "max": 1.0,
            "count": 100
        }
    },
    "metadata": {
        "timer_format_version": "0.1.0",
        "start_time_seconds": "1732612778",
        "python_version": "3.8.10 (tags/v3.8.10:3d8993a, May  3 2021, 11:48:03) [MSC v.1928 64 bit (AMD64)]",
        "command_line_arguments": "C:\\Work\\Reflex Aim Trainer\\venv\\Scripts\\mlagents-learn config.yaml",
        "mlagents_version": "0.29.0",
        "mlagents_envs_version": "0.29.0",
        "communication_protocol_version": "1.5.0",
        "pytorch_version": "2.4.1+cu124",
        "numpy_version": "1.21.2",
        "end_time_seconds": "1732615530"
    },
    "total": 2751.1354868,
    "count": 1,
    "self": 0.2525305999997727,
    "children": {
        "run_training.setup": {
            "total": 0.05601759999999989,
            "count": 1,
            "self": 0.05601759999999989
        },
        "TrainerController.start_learning": {
            "total": 2750.8269386,
            "count": 1,
            "self": 3.236797199978355,
            "children": {
                "TrainerController._reset_env": {
                    "total": 3.1666397999999996,
                    "count": 1,
                    "self": 3.1666397999999996
                },
                "TrainerController.advance": {
                    "total": 2744.381808500021,
                    "count": 242886,
                    "self": 1.5250347000001057,
                    "children": {
                        "env_step": {
                            "total": 2742.856773800021,
                            "count": 242886,
                            "self": 1781.6482703998893,
                            "children": {
                                "SubprocessEnvManager._take_step": {
                                    "total": 959.5558475000443,
                                    "count": 242886,
                                    "self": 8.591428600003042,
                                    "children": {
                                        "TorchPolicy.evaluate": {
                                            "total": 950.9644189000412,
                                            "count": 240041,
                                            "self": 296.79368020000913,
                                            "children": {
                                                "TorchPolicy.sample_actions": {
                                                    "total": 654.1707387000321,
                                                    "count": 240041,
                                                    "self": 654.1707387000321
                                                }
                                            }
                                        }
                                    }
                                },
                                "workers": {
                                    "total": 1.6526559000875798,
                                    "count": 242886,
                                    "self": 0.0,
                                    "children": {
                                        "worker_root": {
                                            "total": 2744.6917911999885,