{
    "name": "root",
    "gauges": {
        "MoveToTarget.Policy.Entropy.mean": {
            "value": 2.0454745292663574,
            "min": 2.035733222961426,
            "max": 2.114182710647583,
            "count": 200
        },
        "MoveToTarget.Policy.Entropy.sum": {
            "value": 102324.859375,
            "min": 101686.078125,
            "max": 108140.4453125,
            "count": 200
        },
        "MoveToTarget.Step.mean": {
            "value": 9999942.0,
            "min": 49963.0,
            "max": 9999942.0,
            "count": 200
        },
        "MoveToTarget.Step.sum": {
            "value": 9999942.0,
            "min": 49963.0,
            "max": 9999942.0,
            "count": 200
        },
        "MoveToTarget.Policy.ExtrinsicValueEstimate.mean": {
            "value": 0.03125442564487457,
            "min": -0.12150797992944717,
            "max": 0.05377236008644104,
            "count": 200
        },
        "MoveToTarget.Policy.ExtrinsicValueEstimate.sum": {
            "value": 24.94103240966797,
            "min": -96.23432159423828,
            "max": 42.856571197509766,
            "count": 200
        },
        "MoveToTarget.Losses.PolicyLoss.mean": {
            "value": 0.012218063755426556,
            "min": 0.007129365717345435,
            "max": 0.015941450107170064,
            "count": 200
        },
        "MoveToTarget.Losses.PolicyLoss.sum": {
            "value": 0.03665419126627967,
            "min": 0.020448538557199452,
            "max": 0.04782435032151019,
            "count": 200
        },
        "MoveToTarget.Losses.ValueLoss.mean": {
            "value": 0.0002761006762739271,
            "min": 0.0002593789500274902,
            "max": 0.02528215270528259,
            "count": 200
        },
        "MoveToTarget.Losses.ValueLoss.sum": {
            "value": 0.0008283020288217813,
            "min": 0.0007781368500824707,
            "max": 0.05056430541056518,
            "count": 200
        },
        "MoveToTarget.Policy.LearningRate.mean": {
            "value": 8.848597050800069e-07,
            "min": 8.848597050800069e-07,
            "max": 0.0002992176002608,
            "count": 200
        },
        "MoveToTarget.Policy.LearningRate.sum": {
            "value": 2.6545791152400205e-06,
            "min": 2.6545791152400205e-06,
            "max": 0.00096302173899278,
            "count": 200
        },
        "MoveToTarget.Policy.Epsilon.mean": {
            "value": 0.10029492,
            "min": 0.10029492,
            "max": 0.1997392,
            "count": 200
        },
        "MoveToTarget.Policy.Epsilon.sum": {
            "value": 0.30088476,
            "min": 0.30088476,
            "max": 0.7210072200000001,
            "count": 200
        },
        "MoveToTarget.Policy.Beta.mean": {
            "value": 2.471650800000011e-05,
            "min": 2.471650800000011e-05,
            "max": 0.00498698608,
            "count": 200
        },
        "MoveToTarget.Policy.Beta.sum": {
            "value": 7.414952400000033e-05,
            "min": 7.414952400000033e-05,
            "max": 0.016058260278,
            "count": 200
        },
        "MoveToTarget.Environment.EpisodeLength.mean": {
            "value": 1315.6666666666667,
            "min": 1257.3255813953488,
            "max": 1442.0,
            "count": 200
        },
        "MoveToTarget.Environment.EpisodeLength.sum": {
            "value": 47364.0,
            "min": 35060.0,
            "max": 72050.0,
            "count": 200
        },
        "MoveToTarget.Environment.CumulativeReward.mean": {
            "value": 0.49724227874927845,
            "min": -0.8052046439237892,
            "max": 0.5380361888544738,
            "count": 200
        },
        "MoveToTarget.Environment.CumulativeReward.sum": {
            "value": 17.900722034974024,
            "min": -39.182709453161806,
            "max": 21.805291099008173,
            "count": 200
        },
        "MoveToTarget.Policy.ExtrinsicReward.mean": {
            "value": 0.49724227874927845,
            "min": -0.8052046439237892,
            "max": 0.5380361888544738,
            "count": 200
        },
        "MoveToTarget.Policy.ExtrinsicReward.sum": {
            "value": 17.900722034974024,
            "min": -39.182709453161806,
            "max": 21.805291099008173,
            "count": 200
        },
        "MoveToTarget.IsTraining.mean": {
            "value": 1.0,
            "min": 1.0,
            "max": 1.0,
            "count": 200
        },
        "MoveToTarget.IsTraining.sum": {
            "value": 1.0,
            "min": 1.0,
            "max": 1.0,
            "count": 200
        }
    },
    "metadata": {
        "timer_format_version": "0.1.0",
        "start_time_seconds": "1732563794",
        "python_version": "3.8.10 (tags/v3.8.10:3d8993a, May  3 2021, 11:48:03) [MSC v.1928 64 bit (AMD64)]",
        "command_line_arguments": "C:\\Work\\Reflex Aim Trainer\\venv\\Scripts\\mlagents-learn config.yaml",
        "mlagents_version": "0.29.0",
        "mlagents_envs_version": "0.29.0",
        "communication_protocol_version": "1.5.0",
        "pytorch_version": "2.4.1+cu124",
        "numpy_version": "1.21.2",
        "end_time_seconds": "1732570473"
    },
    "total": 6678.2245204,
    "count": 1,
    "self": 0.23708780000015395,
    "children": {
        "run_training.setup": {
            "total": 0.08472929999999979,
            "count": 1,
            "self": 0.08472929999999979
        },
        "TrainerController.start_learning": {
            "total": 6677.9027033,
            "count": 1,
            "self": 7.422523199960779,
            "children": {
                "TrainerController._reset_env": {
                    "total": 7.5452419,
                    "count": 1,
                    "self": 7.5452419
                },
                "TrainerController.advance": {
                    "total": 6662.8728803000395,
                    "count": 406227,
                    "self": 3.959298500028126,
                    "children": {
                        "env_step": {
                            "total": 6658.913581800011,
                            "count": 406227,
                            "self": 4755.51561480031,
                            "children": {
                                "SubprocessEnvManager._take_step": {
                                    "total": 1899.3588434997569,
                                    "count": 406227,
                                    "self": 20.741262399736797,
                                    "children": {
                                        "TorchPolicy.evaluate": {
                                            "total": 1878.61758110002,
                                            "count": 400038,
                                            "self": 279.1933280998553,
                                            "children": {
                                                "TorchPolicy.sample_actions": {
                                                    "total": 1599.4242530001648,
                                                    "count": 400038,
                                                    "self": 1599.4242530001648
                                                }
                                            }
                                        }
                                    }
                                },
                                "workers": {
                                    "total": 4.039123499944868,
                                    "count": 406227,
                                    "self": 0.0,
                                    "children": {
                                        "worker_root": {
                                            "total": 6662.220969400039,
                                            "count": 406227,