{
    "name": "root",
    "metadata": {
        "timer_format_version": "0.1.0",
        "start_time_seconds": "1731373233",
        "python_version": "3.8.10 (tags/v3.8.10:3d8993a, May  3 2021, 11:48:03) [MSC v.1928 64 bit (AMD64)]",
        "command_line_arguments": "C:\\Work\\Reflex Aim Trainer\\venv\\Scripts\\mlagents-learn config.yaml",
        "mlagents_version": "0.29.0",
        "mlagents_envs_version": "0.29.0",
        "communication_protocol_version": "1.5.0",
        "pytorch_version": "2.4.1+cu124",
        "numpy_version": "1.21.2",
        "end_time_seconds": "1731376352"
    },
    "total": 3118.5272121999997,
    "count": 1,
    "self": 0.0035247999994680868,
    "children": {
        "run_training.setup": {
            "total": 0.05733290000000002,
            "count": 1,
            "self": 0.05733290000000002
        },
        "TrainerController.start_learning": {
            "total": 3118.4663545000003,
            "count": 1,
            "self": 2.845080699999926,
            "children": {
                "TrainerController._reset_env": {
                    "total": 8.325037,
                    "count": 1,
                    "self": 8.325037
                },
                "TrainerController.advance": {
                    "total": 3107.2540932000006,
                    "count": 174103,
                    "self": 1.3262960999995812,
                    "children": {
                        "env_step": {
                            "total": 3105.927797100001,
                            "count": 174103,
                            "self": 2702.891326399908,
                            "children": {
                                "SubprocessEnvManager._take_step": {
                                    "total": 401.6202131000605,
                                    "count": 174103,
                                    "self": 7.177634000016724,
                                    "children": {
                                        "TorchPolicy.evaluate": {
                                            "total": 394.44257910004376,
                                            "count": 166937,
                                            "self": 69.24263570008281,
                                            "children": {
                                                "TorchPolicy.sample_actions": {
                                                    "total": 325.19994339996094,
                                                    "count": 166937,
                                                    "self": 325.19994339996094
                                                }
                                            }
                                        }
                                    }
                                },
                                "workers": {
                                    "total": 1.4162576000324982,
                                    "count": 174102,
                                    "self": 0.0,
                                    "children": {
                                        "worker_root": {
                                            "total": 3044.500078800075,
                                            "count": 174102,
                                            "is_parallel": true,
                                            "self": 810.6764832001077,
                                            "children": {
                                                "steps_from_proto": {
                                                    "total": 0.0027634000000000825,
                                                    "count": 1,
                                                    "is_parallel": true,
                                                    "self": 0.0010953000000002433,
                                                    "children": {
                                                        "_process_rank_one_or_two_observation": {
                                                            "total": 0.0016680999999998392,
                                                            "count": 4,
                                                            "is_parallel": true,
                                                            "self": 0.0016680999999998392
                                                        }
                                                    }
                                                },
                                                "UnityEnvironment.step": {
                                                    "total": 2233.8208321999673,
                                                    "count": 174102,
                                                    "is_parallel": true,
                                                    "self": 25.804893299894957,
                                                    "children": {
                                                        "UnityEnvironment._generate_step_input": {
                                                            "total": 30.10573509998189,
                                                            "count": 174102,
                                                            "is_parallel": true,
                                                            "self": 30.10573509998189
                                                        },
                                                        "communicator.exchange": {
                                                            "total": 2105.2165331000424,
                                                            "count": 174102,
                                                            "is_parallel": true,
                                                            "self": 2105.2165331000424
                                                        },
                                                        "steps_from_proto": {
                                                            "total": 72.6936707000484,
                                                            "count": 174102,
                                                            "is_parallel": true,
                                                            "self": 20.465567300092424,
                                                            "children": {
                                                                "_process_rank_one_or_two_observation": {
                                                                    "total": 52.22810339995598,
                                                                    "count": 696408,
                                                                    "is_parallel": true,
                                                                    "self": 52.22810339995598
                                                                }
                                                            }
                                                        }
                                                    }
                                                }
                                            }
                                        }
                                    }
                                }
                            }
                        }
                    }
                },
                "TrainerController._save_models": {
                    "total": 0.042143599999690196,
                    "count": 1,
                    "self": 0.004783499999575724,
                    "children": {
                        "RLTrainer._checkpoint": {
                            "total": 0.03736010000011447,
                            "count": 1,
                            "self": 0.03736010000011447
                        }
                    }
                }
            }
        }
    }
}