{
    "name": "root",
    "gauges": {
        "MoveToTarget.Policy.Entropy.mean": {
            "value": 2.0229804515838623,
            "min": 2.0129594802856445,
            "max": 2.1160035133361816,
            "count": 100
        },
        "MoveToTarget.Policy.Entropy.sum": {
            "value": 121631.6953125,
            "min": 120659.4921875,
            "max": 128408.359375,
            "count": 100
        },
        "MoveToTarget.Step.mean": {
            "value": 5999980.0,
            "min": 59949.0,
            "max": 5999980.0,
            "count": 100
        },
        "MoveToTarget.Step.sum": {
            "value": 5999980.0,
            "min": 59949.0,
            "max": 5999980.0,
            "count": 100
        },
        "MoveToTarget.Policy.ExtrinsicValueEstimate.mean": {
            "value": 0.024796638637781143,
            "min": -0.014209236018359661,
            "max": 0.18005886673927307,
            "count": 100
        },
        "MoveToTarget.Policy.ExtrinsicValueEstimate.sum": {
            "value": 23.507213592529297,
            "min": -13.456146240234375,
            "max": 169.43539428710938,
            "count": 100
        },
        "MoveToTarget.Losses.PolicyLoss.mean": {
            "value": 0.01237741223667399,
            "min": 0.007269069457834121,
            "max": 0.01449869503913861,
            "count": 100
        },
        "MoveToTarget.Losses.PolicyLoss.sum": {
            "value": 0.04950964894669596,
            "min": 0.023858838287803035,
            "max": 0.05220159507007338,
            "count": 100
        },
        "MoveToTarget.Losses.ValueLoss.mean": {
            "value": 0.0002932607130787801,
            "min": 0.00023555566804134287,
            "max": 0.015755642483580027,
            "count": 100
        },
        "MoveToTarget.Losses.ValueLoss.sum": {
            "value": 0.0011730428523151204,
            "min": 0.0007066670041240286,
            "max": 0.047266927450740084,
            "count": 100
        },
        "MoveToTarget.Policy.LearningRate.mean": {
            "value": 1.3467245511249958e-06,
            "min": 1.3467245511249958e-06,
            "max": 0.0002982605839131389,
            "count": 100
        },
        "MoveToTarget.Policy.LearningRate.sum": {
            "value": 5.386898204499983e-06,
            "min": 5.386898204499983e-06,
            "max": 0.0011703490098836666,
            "count": 100
        },
        "MoveToTarget.Policy.Epsilon.mean": {
            "value": 0.10044887499999999,
            "min": 0.10044887499999999,
            "max": 0.19942019444444448,
            "count": 100
        },
        "MoveToTarget.Policy.Epsilon.sum": {
            "value": 0.40179549999999997,
            "min": 0.3075153666666667,
            "max": 0.7901163333333333,
            "count": 100
        },
        "MoveToTarget.Policy.Beta.mean": {
            "value": 3.2398862499999925e-05,
            "min": 3.2398862499999925e-05,
            "max": 0.004971067702777779,
            "count": 100
        },
        "MoveToTarget.Policy.Beta.sum": {
            "value": 0.0001295954499999997,
            "min": 0.0001295954499999997,
            "max": 0.01950680503333333,
            "count": 100
        },
        "MoveToTarget.Environment.EpisodeLength.mean": {
            "value": 1425.9512195121952,
            "min": 1317.6511627906978,
            "max": 1460.0,
            "count": 100
        },
        "MoveToTarget.Environment.EpisodeLength.sum": {
            "value": 58464.0,
            "min": 36475.0,
            "max": 72950.0,
            "count": 100
        },
        "MoveToTarget.Environment.CumulativeReward.mean": {
            "value": 0.3513425833008979,
            "min": -1.0112546068243682,
            "max": 0.5022733821750207,
            "count": 100
        },
        "MoveToTarget.Environment.CumulativeReward.sum": {
            "value": 14.405045915336814,
            "min": -50.56273034121841,
            "max": 21.59775543352589,
            "count": 100
        },
        "MoveToTarget.Policy.ExtrinsicReward.mean": {
            "value": 0.3513425833008979,
            "min": -1.0112546068243682,
            "max": 0.5022733821750207,
            "count": 100
        },
        "MoveToTarget.Policy.ExtrinsicReward.sum": {
            "value": 14.405045915336814,
            "min": -50.56273034121841,
            "max": 21.59775543352589,
            "count": 100
        },
        "MoveToTarget.IsTraining.mean": {
            "value": 1.0,
            "min": 1.0,
            "max": 1.0,
            "count": 100
        },
        "MoveToTarget.IsTraining.sum": {
            "value": 1.0,
            "min": 1.0,
            "max": 1.0,
            "count": 100
        }
    },
    "metadata": {
        "timer_format_version": "0.1.0",
        "start_time_seconds": "1732597183",
        "python_version": "3.8.10 (tags/v3.8.10:3d8993a, May  3 2021, 11:48:03) [MSC v.1928 64 bit (AMD64)]",
        "command_line_arguments": "C:\\Work\\Reflex Aim Trainer\\venv\\Scripts\\mlagents-learn config.yaml",
        "mlagents_version": "0.29.0",
        "mlagents_envs_version": "0.29.0",
        "communication_protocol_version": "1.5.0",
        "pytorch_version": "2.4.1+cu124",
        "numpy_version": "1.21.2",
        "end_time_seconds": "1732600743"
    },
    "total": 3560.0114041,
    "count": 1,
    "self": 0.46665440000015224,
    "children": {
        "run_training.setup": {
            "total": 0.05370779999999997,
            "count": 1,
            "self": 0.05370779999999997
        },
        "TrainerController.start_learning": {
            "total": 3559.4910419,
            "count": 1,
            "self": 4.365208299952883,
            "children": {
                "TrainerController._reset_env": {
                    "total": 3.1494968000000005,
                    "count": 1,
                    "self": 3.1494968000000005
                },
                "TrainerController.advance": {
                    "total": 3551.9183368000467,
                    "count": 242969,
                    "self": 2.039094700181522,
                    "children": {
                        "env_step": {
                            "total": 3549.879242099865,
                            "count": 242969,
                            "self": 2554.8383235998817,
                            "children": {
                                "SubprocessEnvManager._take_step": {
                                    "total": 992.8159432000251,
                                    "count": 242969,
                                    "self": 11.317630900133622,
                                    "children": {
                                        "TorchPolicy.evaluate": {
                                            "total": 981.4983122998915,
                                            "count": 240038,
                                            "self": 147.6936791998985,
                                            "children": {
                                                "TorchPolicy.sample_actions": {
                                                    "total": 833.804633099993,
                                                    "count": 240038,
                                                    "self": 833.804633099993
                                                }
                                            }
                                        }
                                    }
                                },
                                "workers": {
                                    "total": 2.22497529995851,
                                    "count": 242969,
                                    "self": 0.0,
                                    "children": {
                                        "worker_root": {
                                            "total": 3551.8293777000586,