{
    "name": "root",
    "gauges": {
        "MoveToTarget.Policy.Entropy.mean": {
            "value": 1.3810187578201294,
            "min": 1.3778055906295776,
            "max": 2.1094555854797363,
            "count": 200
        },
        "MoveToTarget.Policy.Entropy.sum": {
            "value": 68947.359375,
            "min": 68662.5546875,
            "max": 107508.8359375,
            "count": 200
        },
        "MoveToTarget.Environment.EpisodeLength.mean": {
            "value": 148.30088495575222,
            "min": 116.8537170263789,
            "max": 593.6236559139785,
            "count": 200
        },
        "MoveToTarget.Environment.EpisodeLength.sum": {
            "value": 50274.0,
            "min": 37427.0,
            "max": 55207.0,
            "count": 200
        },
        "MoveToTarget.Step.mean": {
            "value": 9999963.0,
            "min": 49974.0,
            "max": 9999963.0,
            "count": 200
        },
        "MoveToTarget.Step.sum": {
            "value": 9999963.0,
            "min": 49974.0,
            "max": 9999963.0,
            "count": 200
        },
        "MoveToTarget.Policy.ExtrinsicValueEstimate.mean": {
            "value": 0.16479338705539703,
            "min": -1.730467438697815,
            "max": 0.3997606933116913,
            "count": 200
        },
        "MoveToTarget.Policy.ExtrinsicValueEstimate.sum": {
            "value": 159.35520935058594,
            "min": -1650.865966796875,
            "max": 383.770263671875,
            "count": 200
        },
        "MoveToTarget.Environment.CumulativeReward.mean": {
            "value": 0.46363817616043046,
            "min": -2.2043283790864274,
            "max": 0.5064659472437528,
            "count": 200
        },
        "MoveToTarget.Environment.CumulativeReward.sum": {
            "value": 157.17334171838593,
            "min": -166.45966589916497,
            "max": 197.66534381057136,
            "count": 200
        },
        "MoveToTarget.Policy.ExtrinsicReward.mean": {
            "value": 0.46363817616043046,
            "min": -2.2043283790864274,
            "max": 0.5064659472437528,
            "count": 200
        },
        "MoveToTarget.Policy.ExtrinsicReward.sum": {
            "value": 157.17334171838593,
            "min": -166.45966589916497,
            "max": 197.66534381057136,
            "count": 200
        },
        "MoveToTarget.Losses.PolicyLoss.mean": {
            "value": 0.01595179716564922,
            "min": 0.006568183773197234,
            "max": 0.04205664072651416,
            "count": 200
        },
        "MoveToTarget.Losses.PolicyLoss.sum": {
            "value": 0.04785539149694766,
            "min": 0.0197045513195917,
            "max": 0.12616992217954248,
            "count": 200
        },
        "MoveToTarget.Losses.ValueLoss.mean": {
            "value": 0.0059865045283610625,
            "min": 0.003461788104484892,
            "max": 58.452371996167734,
            "count": 200
        },
        "MoveToTarget.Losses.ValueLoss.sum": {
            "value": 0.017959513585083187,
            "min": 0.010385364313454677,
            "max": 175.3571159885032,
            "count": 200
        },
        "MoveToTarget.Policy.LearningRate.mean": {
            "value": 6.756197748266628e-07,
            "min": 6.756197748266628e-07,
            "max": 0.00029923068025644,
            "count": 200
        },
        "MoveToTarget.Policy.LearningRate.sum": {
            "value": 2.0268593244799884e-06,
            "min": 2.0268593244799884e-06,
            "max": 0.0011910115529961498,
            "count": 200
        },
        "MoveToTarget.Policy.Epsilon.mean": {
            "value": 0.10022517333333332,
            "min": 0.10022517333333332,
            "max": 0.19974356000000001,
            "count": 200
        },
        "MoveToTarget.Policy.Epsilon.sum": {
            "value": 0.30067552,
            "min": 0.30067552,
            "max": 0.7970038500000001,
            "count": 200
        },
        "MoveToTarget.Policy.Beta.mean": {
            "value": 2.123614933333327e-05,
            "min": 2.123614933333327e-05,
            "max": 0.004987203644,
            "count": 200
        },
        "MoveToTarget.Policy.Beta.sum": {
            "value": 6.370844799999982e-05,
            "min": 6.370844799999982e-05,
            "max": 0.019850492115,
            "count": 200
        },
        "MoveToTarget.IsTraining.mean": {
            "value": 1.0,
            "min": 1.0,
            "max": 1.0,
            "count": 200
        },
        "MoveToTarget.IsTraining.sum": {
            "value": 1.0,
            "min": 1.0,
            "max": 1.0,
            "count": 200
        }
    },
    "metadata": {
        "timer_format_version": "0.1.0",
        "start_time_seconds": "1730650618",
        "python_version": "3.8.10 (tags/v3.8.10:3d8993a, May  3 2021, 11:48:03) [MSC v.1928 64 bit (AMD64)]",
        "command_line_arguments": "C:\\Work\\Reflex Aim Trainer\\venv\\Scripts\\mlagents-learn config.yaml",
        "mlagents_version": "0.29.0",
        "mlagents_envs_version": "0.29.0",
        "communication_protocol_version": "1.5.0",
        "pytorch_version": "2.4.1+cu124",
        "numpy_version": "1.21.2",
        "end_time_seconds": "1730654440"
    },
    "total": 3821.942211,
    "count": 1,
    "self": 0.3305729000003339,
    "children": {
        "run_training.setup": {
            "total": 0.07990480000000044,
            "count": 1,
            "self": 0.07990480000000044
        },
        "TrainerController.start_learning": {
            "total": 3821.5317333,
            "count": 1,
            "self": 5.587376199976916,
            "children": {
                "TrainerController._reset_env": {
                    "total": 10.1766535,
                    "count": 1,
                    "self": 10.1766535
                },
                "TrainerController.advance": {
                    "total": 3805.687249900023,
                    "count": 449855,
                    "self": 2.6464196001738856,
                    "children": {
                        "env_step": {
                            "total": 3803.040830299849,
                            "count": 449855,
                            "self": 2359.827188799785,
                            "children": {
                                "SubprocessEnvManager._take_step": {
                                    "total": 1440.4096770000187,
                                    "count": 449855,
                                    "self": 14.60174789997859,
                                    "children": {
                                        "TorchPolicy.evaluate": {
                                            "total": 1425.8079291000402,
                                            "count": 400036,
                                            "self": 493.5081759999956,
                                            "children": {
                                                "TorchPolicy.sample_actions": {
                                                    "total": 932.2997531000445,
                                                    "count": 400036,
                                                    "self": 932.2997531000445
                                                }
                                            }
                                        }
                                    }
                                },
                                "workers": {
                                    "total": 2.8039645000453266,
                                    "count": 449855,
                                    "self": 0.0,
                                    "children": {
                                        "worker_root": {
                                            "total": 3806.364030600009,
                                            "count": 449855,