{
    "name": "root",
    "gauges": {
        "MoveToTarget.Policy.Entropy.mean": {
            "value": 1.3690552711486816,
            "min": 1.3690552711486816,
            "max": 1.3694490194320679,
            "count": 2
        },
        "MoveToTarget.Policy.Entropy.sum": {
            "value": 137213.5625,
            "min": 70355.4453125,
            "max": 137213.5625,
            "count": 2
        },
        "MoveToTarget.Environment.EpisodeLength.mean": {
            "value": 42.4159791576205,
            "min": 41.880168776371306,
            "max": 42.4159791576205,
            "count": 2
        },
        "MoveToTarget.Environment.EpisodeLength.sum": {
            "value": 97684.0,
            "min": 49628.0,
            "max": 97684.0,
            "count": 2
        },
        "MoveToTarget.Step.mean": {
            "value": 1999979.0,
            "min": 1899983.0,
            "max": 1999979.0,
            "count": 2
        },
        "MoveToTarget.Step.sum": {
            "value": 1999979.0,
            "min": 1899983.0,
            "max": 1999979.0,
            "count": 2
        },
        "MoveToTarget.Policy.ExtrinsicValueEstimate.mean": {
            "value": 8.00556468963623,
            "min": 7.950466156005859,
            "max": 8.00556468963623,
            "count": 2
        },
        "MoveToTarget.Policy.ExtrinsicValueEstimate.sum": {
            "value": 21943.25390625,
            "min": 11170.4052734375,
            "max": 21943.25390625,
            "count": 2
        },
        "MoveToTarget.Environment.CumulativeReward.mean": {
            "value": 9.276304347826088,
            "min": 9.276304347826088,
            "max": 9.29518581081081,
            "count": 2
        },
        "MoveToTarget.Environment.CumulativeReward.sum": {
            "value": 21335.5,
            "min": 11005.5,
            "max": 21335.5,
            "count": 2
        },
        "MoveToTarget.Policy.ExtrinsicReward.mean": {
            "value": 9.276304347826088,
            "min": 9.276304347826088,
            "max": 9.29518581081081,
            "count": 2
        },
        "MoveToTarget.Policy.ExtrinsicReward.sum": {
            "value": 21335.5,
            "min": 11005.5,
            "max": 21335.5,
            "count": 2
        },
        "MoveToTarget.Losses.PolicyLoss.mean": {
            "value": 0.01122658520277279,
            "min": 0.009435726653060153,
            "max": 0.01122658520277279,
            "count": 2
        },
        "MoveToTarget.Losses.PolicyLoss.sum": {
            "value": 0.06735951121663675,
            "min": 0.02830717995918046,
            "max": 0.06735951121663675,
            "count": 2
        },
        "MoveToTarget.Losses.ValueLoss.mean": {
            "value": 0.24606210076146653,
            "min": 0.23296789783570504,
            "max": 0.24606210076146653,
            "count": 2
        },
        "MoveToTarget.Losses.ValueLoss.sum": {
            "value": 1.4763726045687993,
            "min": 0.6989036935071151,
            "max": 1.4763726045687993,
            "count": 2
        },
        "MoveToTarget.Policy.LearningRate.mean": {
            "value": 0.00024132158455947837,
            "min": 0.00024132158455947837,
            "max": 0.00024354067881978003,
            "count": 2
        },
        "MoveToTarget.Policy.LearningRate.sum": {
            "value": 0.0014479295073568702,
            "min": 0.0007306220364593401,
            "max": 0.0014479295073568702,
            "count": 2
        },
        "MoveToTarget.Policy.Epsilon.mean": {
            "value": 0.1804405216666667,
            "min": 0.1804405216666667,
            "max": 0.18118022000000003,
            "count": 2
        },
        "MoveToTarget.Policy.Epsilon.sum": {
            "value": 1.0826431300000001,
            "min": 0.5435406600000001,
            "max": 1.0826431300000001,
            "count": 2
        },
        "MoveToTarget.Policy.Beta.mean": {
            "value": 0.004023982031166668,
            "min": 0.004023982031166668,
            "max": 0.004060892978,
            "count": 2
        },
        "MoveToTarget.Policy.Beta.sum": {
            "value": 0.024143892187000006,
            "min": 0.012182678934000001,
            "max": 0.024143892187000006,
            "count": 2
        },
        "MoveToTarget.IsTraining.mean": {
            "value": 1.0,
            "min": 1.0,
            "max": 1.0,
            "count": 2
        },
        "MoveToTarget.IsTraining.sum": {
            "value": 1.0,
            "min": 1.0,
            "max": 1.0,
            "count": 2
        }
    },
    "metadata": {
        "timer_format_version": "0.1.0",
        "start_time_seconds": "1729716497",
        "python_version": "3.8.10 (tags/v3.8.10:3d8993a, May  3 2021, 11:48:03) [MSC v.1928 64 bit (AMD64)]",
        "command_line_arguments": "C:\\Work\\Reflex Aim Trainer\\venv\\Scripts\\mlagents-learn config.yaml",
        "mlagents_version": "0.29.0",
        "mlagents_envs_version": "0.29.0",
        "communication_protocol_version": "1.5.0",
        "pytorch_version": "2.4.1+cu124",
        "numpy_version": "1.21.2",
        "end_time_seconds": "1729716569"
    },
    "total": 71.5294643,
    "count": 1,
    "self": 0.0022773999999969874,
    "children": {
        "run_training.setup": {
            "total": 0.07320340000000014,
            "count": 1,
            "self": 0.07320340000000014
        },
        "TrainerController.start_learning": {
            "total": 71.4539835,
            "count": 1,
            "self": 1.1335149000004208,
            "children": {
                "TrainerController._reset_env": {
                    "total": 7.744920200000001,
                    "count": 1,
                    "self": 7.744920200000001
                },
                "TrainerController.advance": {
                    "total": 62.48642789999959,
                    "count": 11326,
                    "self": 0.05519450000021919,
                    "children": {
                        "env_step": {
                            "total": 62.43123339999937,
                            "count": 11326,
                            "self": 47.49428599999936,
                            "children": {
                                "SubprocessEnvManager._take_step": {
                                    "total": 14.870239099999697,
                                    "count": 11326,
                                    "self": 0.27617289999998107,
                                    "children": {
                                        "TorchPolicy.evaluate": {
                                            "total": 14.594066199999716,
                                            "count": 7915,
                                            "self": 4.721384699999847,
                                            "children": {
                                                "TorchPolicy.sample_actions": {
                                                    "total": 9.872681499999869,
                                                    "count": 7915,
                                                    "self": 9.872681499999869
                                                }
                                            }
                                        }
                                    }
                                },
                                "workers": {
                                    "total": 0.06670830000031103,
                                    "count": 11325,
                                    "self": 0.0,
                                    "children": {
                                        "worker_root": {
                                            "total": 62.94032180000031,
                                            "count": 11325,
                                            "is_parallel": true,