{
    "name": "root",
    "gauges": {
        "MoveToTarget.Policy.Entropy.mean": {
            "value": 2.4869725704193115,
            "min": 2.087217330932617,
            "max": 2.4915807247161865,
            "count": 89
        },
        "MoveToTarget.Policy.Entropy.sum": {
            "value": 124410.796875,
            "min": 103391.6015625,
            "max": 126110.109375,
            "count": 89
        },
        "MoveToTarget.Step.mean": {
            "value": 4449992.0,
            "min": 49989.0,
            "max": 4449992.0,
            "count": 89
        },
        "MoveToTarget.Step.sum": {
            "value": 4449992.0,
            "min": 49989.0,
            "max": 4449992.0,
            "count": 89
        },
        "MoveToTarget.Policy.ExtrinsicValueEstimate.mean": {
            "value": 0.021826235577464104,
            "min": -59.57305145263672,
            "max": 30.228479385375977,
            "count": 89
        },
        "MoveToTarget.Policy.ExtrinsicValueEstimate.sum": {
            "value": 17.919340133666992,
            "min": -47658.44140625,
            "max": 24817.58203125,
            "count": 89
        },
        "MoveToTarget.Environment.EpisodeLength.mean": {
            "value": 598.3734939759037,
            "min": 439.45454545454544,
            "max": 1599.1290322580646,
            "count": 89
        },
        "MoveToTarget.Environment.EpisodeLength.sum": {
            "value": 49665.0,
            "min": 16292.0,
            "max": 61196.0,
            "count": 89
        },
        "MoveToTarget.Environment.CumulativeReward.mean": {
            "value": 0.15608690403884343,
            "min": -2.3138531725271605,
            "max": 0.18233826906758954,
            "count": 89
        },
        "MoveToTarget.Environment.CumulativeReward.sum": {
            "value": 12.955213035224006,
            "min": -88.37232966010924,
            "max": 14.611578373471275,
            "count": 89
        },
        "MoveToTarget.Policy.ExtrinsicReward.mean": {
            "value": 0.15608690403884343,
            "min": -2.3138531725271605,
            "max": 0.18233826906758954,
            "count": 89
        },
        "MoveToTarget.Policy.ExtrinsicReward.sum": {
            "value": 12.955213035224006,
            "min": -88.37232966010924,
            "max": 14.611578373471275,
            "count": 89
        },
        "MoveToTarget.Losses.PolicyLoss.mean": {
            "value": 0.010669996832600899,
            "min": 0.008365205951122334,
            "max": 0.1231572519754991,
            "count": 89
        },
        "MoveToTarget.Losses.PolicyLoss.sum": {
            "value": 0.0320099904978027,
            "min": 0.01848475983327565,
            "max": 0.4459041325996319,
            "count": 89
        },
        "MoveToTarget.Losses.ValueLoss.mean": {
            "value": 0.0003037610311164624,
            "min": 0.0002897765492283118,
            "max": 87128.37742739254,
            "count": 89
        },
        "MoveToTarget.Losses.ValueLoss.sum": {
            "value": 0.0009112830933493872,
            "min": 0.0008693296476849355,
            "max": 261385.1322821776,
            "count": 89
        },
        "MoveToTarget.Policy.LearningRate.mean": {
            "value": 0.00028672310042563467,
            "min": 0.00028672310042563467,
            "max": 0.00029992355102548306,
            "count": 89
        },
        "MoveToTarget.Policy.LearningRate.sum": {
            "value": 0.0008601693012769041,
            "min": 0.0005998471020509661,
            "max": 0.001198500423499859,
            "count": 89
        },
        "MoveToTarget.Policy.Epsilon.mean": {
            "value": 0.19557436533333336,
            "min": 0.19557436533333336,
            "max": 0.199974517,
            "count": 89
        },
        "MoveToTarget.Policy.Epsilon.sum": {
            "value": 0.586723096,
            "min": 0.399949034,
            "max": 0.799500141,
            "count": 89
        },
        "MoveToTarget.Policy.Beta.mean": {
            "value": 0.004779160830133333,
            "min": 0.004779160830133333,
            "max": 0.004998728398300001,
            "count": 89
        },
        "MoveToTarget.Policy.Beta.sum": {
            "value": 0.014337482490399999,
            "min": 0.009997456796600001,
            "max": 0.019975057035900003,
            "count": 89
        },
        "MoveToTarget.IsTraining.mean": {
            "value": 1.0,
            "min": 1.0,
            "max": 1.0,
            "count": 89
        },
        "MoveToTarget.IsTraining.sum": {
            "value": 1.0,
            "min": 1.0,
            "max": 1.0,
            "count": 89
        }
    },
    "metadata": {
        "timer_format_version": "0.1.0",
        "start_time_seconds": "1731548855",
        "python_version": "3.8.10 (tags/v3.8.10:3d8993a, May  3 2021, 11:48:03) [MSC v.1928 64 bit (AMD64)]",
        "command_line_arguments": "C:\\Work\\Reflex Aim Trainer\\venv\\Scripts\\mlagents-learn config.yaml",
        "mlagents_version": "0.29.0",
        "mlagents_envs_version": "0.29.0",
        "communication_protocol_version": "1.5.0",
        "pytorch_version": "2.4.1+cu124",
        "numpy_version": "1.21.2",
        "end_time_seconds": "1731551375"
    },
    "total": 2520.0857895,
    "count": 1,
    "self": 0.003528100000039558,
    "children": {
        "run_training.setup": {
            "total": 0.05374459999999992,
            "count": 1,
            "self": 0.05374459999999992
        },
        "TrainerController.start_learning": {
            "total": 2520.0285168,
            "count": 1,
            "self": 3.4292689999815593,
            "children": {
                "TrainerController._reset_env": {
                    "total": 12.094599500000001,
                    "count": 1,
                    "self": 12.094599500000001
                },
                "TrainerController.advance": {
                    "total": 2504.3656645000183,
                    "count": 183217,
                    "self": 1.0859364000434653,
                    "children": {
                        "env_step": {
                            "total": 2503.279728099975,
                            "count": 183217,
                            "self": 2083.9717050000345,
                            "children": {
                                "SubprocessEnvManager._take_step": {
                                    "total": 418.08924149999984,
                                    "count": 183218,
                                    "self": 5.9722103000016205,
                                    "children": {
                                        "TorchPolicy.evaluate": {
                                            "total": 412.1170311999982,
                                            "count": 179093,
                                            "self": 60.953267599984315,
                                            "children": {
                                                "TorchPolicy.sample_actions": {
                                                    "total": 351.1637636000139,
                                                    "count": 179093,
                                                    "self": 351.1637636000139
                                                }
                                            }
                                        }
                                    }
                                },
                                "workers": {
                                    "total": 1.2187815999403355,
                                    "count": 183216,
                                    "self": 0.0,
                                    "children": {
                                        "worker_root": {
                                            "total": 2495.2182416000232,
                                            "count": 183216,