{
    "name": "root",
    "gauges": {
        "MoveToTarget.Policy.Entropy.mean": {
            "value": 1.3819602727890015,
            "min": 1.3819602727890015,
            "max": 1.4187337160110474,
            "count": 9
        },
        "MoveToTarget.Policy.Entropy.sum": {
            "value": 137988.734375,
            "min": 137988.734375,
            "max": 143073.28125,
            "count": 9
        },
        "MoveToTarget.Environment.EpisodeLength.mean": {
            "value": 42.96005267778753,
            "min": 42.20526088831393,
            "max": 232.8441247002398,
            "count": 9
        },
        "MoveToTarget.Environment.EpisodeLength.sum": {
            "value": 97863.0,
            "min": 97096.0,
            "max": 100523.0,
            "count": 9
        },
        "MoveToTarget.Step.mean": {
            "value": 899979.0,
            "min": 99945.0,
            "max": 899979.0,
            "count": 9
        },
        "MoveToTarget.Step.sum": {
            "value": 899979.0,
            "min": 99945.0,
            "max": 899979.0,
            "count": 9
        },
        "MoveToTarget.Policy.ExtrinsicValueEstimate.mean": {
            "value": 8.014363288879395,
            "min": -0.2000941038131714,
            "max": 8.10048770904541,
            "count": 9
        },
        "MoveToTarget.Policy.ExtrinsicValueEstimate.sum": {
            "value": 22015.455078125,
            "min": -338.5592346191406,
            "max": 22495.0546875,
            "count": 9
        },
        "MoveToTarget.Environment.CumulativeReward.mean": {
            "value": 9.673792706974197,
            "min": -1.2115108223556044,
            "max": 9.70159611896619,
            "count": 9
        },
        "MoveToTarget.Environment.CumulativeReward.sum": {
            "value": 22036.89978648722,
            "min": -505.200012922287,
            "max": 22488.299803763628,
            "count": 9
        },
        "MoveToTarget.Policy.ExtrinsicReward.mean": {
            "value": 9.673792706974197,
            "min": -1.2115108223556044,
            "max": 9.70159611896619,
            "count": 9
        },
        "MoveToTarget.Policy.ExtrinsicReward.sum": {
            "value": 22036.89978648722,
            "min": -505.200012922287,
            "max": 22488.299803763628,
            "count": 9
        },
        "MoveToTarget.Losses.PolicyLoss.mean": {
            "value": 0.010872740392288608,
            "min": 0.008926815107568271,
            "max": 0.011995160720996663,
            "count": 9
        },
        "MoveToTarget.Losses.PolicyLoss.sum": {
            "value": 0.06523644235373165,
            "min": 0.05356089064540963,
            "max": 0.07197096432597998,
            "count": 9
        },
        "MoveToTarget.Losses.ValueLoss.mean": {
            "value": 0.239890201534662,
            "min": 0.10569223389029504,
            "max": 0.849652080072297,
            "count": 9
        },
        "MoveToTarget.Losses.ValueLoss.sum": {
            "value": 1.439341209207972,
            "min": 0.6341534033417703,
            "max": 5.097912480433782,
            "count": 9
        },
        "MoveToTarget.Policy.LearningRate.mean": {
            "value": 0.0002745801334732916,
            "min": 0.0002745801334732916,
            "max": 0.00029826507557830835,
            "count": 9
        },
        "MoveToTarget.Policy.LearningRate.sum": {
            "value": 0.0016474808008397498,
            "min": 0.0016474808008397498,
            "max": 0.00178959045346985,
            "count": 9
        },
        "MoveToTarget.Policy.Epsilon.mean": {
            "value": 0.19152670833333332,
            "min": 0.19152670833333332,
            "max": 0.19942169166666668,
            "count": 9
        },
        "MoveToTarget.Policy.Epsilon.sum": {
            "value": 1.14916025,
            "min": 1.14916025,
            "max": 1.19653015,
            "count": 9
        },
        "MoveToTarget.Policy.Beta.mean": {
            "value": 0.004577182745833334,
            "min": 0.004577182745833334,
            "max": 0.0049711424141666676,
            "count": 9
        },
        "MoveToTarget.Policy.Beta.sum": {
            "value": 0.027463096475000004,
            "min": 0.027463096475000004,
            "max": 0.029826854485000005,
            "count": 9
        },
        "MoveToTarget.IsTraining.mean": {
            "value": 1.0,
            "min": 1.0,
            "max": 1.0,
            "count": 9
        },
        "MoveToTarget.IsTraining.sum": {
            "value": 1.0,
            "min": 1.0,
            "max": 1.0,
            "count": 9
        }
    },
    "metadata": {
        "timer_format_version": "0.1.0",
        "start_time_seconds": "1729721889",
        "python_version": "3.8.10 (tags/v3.8.10:3d8993a, May  3 2021, 11:48:03) [MSC v.1928 64 bit (AMD64)]",
        "command_line_arguments": "C:\\Work\\Reflex Aim Trainer\\venv\\Scripts\\mlagents-learn config.yaml",
        "mlagents_version": "0.29.0",
        "mlagents_envs_version": "0.29.0",
        "communication_protocol_version": "1.5.0",
        "pytorch_version": "2.4.1+cu124",
        "numpy_version": "1.21.2",
        "end_time_seconds": "1729722358"
    },
    "total": 468.75591199999997,
    "count": 1,
    "self": 0.0026918999999452353,
    "children": {
        "run_training.setup": {
            "total": 0.05574750000000006,
            "count": 1,
            "self": 0.05574750000000006
        },
        "TrainerController.start_learning": {
            "total": 468.6974726,
            "count": 1,
            "self": 0.6575261000019168,
            "children": {
                "TrainerController._reset_env": {
                    "total": 17.530568799999998,
                    "count": 1,
                    "self": 17.530568799999998
                },
                "TrainerController.advance": {
                    "total": 450.39879039999806,
                    "count": 45315,
                    "self": 0.28821959999834235,
                    "children": {
                        "env_step": {
                            "total": 450.1105707999997,
                            "count": 45315,
                            "self": 319.15599819998994,
                            "children": {
                                "SubprocessEnvManager._take_step": {
                                    "total": 130.60221930000208,
                                    "count": 45315,
                                    "self": 1.6319631000019683,
                                    "children": {
                                        "TorchPolicy.evaluate": {
                                            "total": 128.9702562000001,
                                            "count": 36322,
                                            "self": 71.80700050000029,
                                            "children": {
                                                "TorchPolicy.sample_actions": {
                                                    "total": 57.16325569999982,
                                                    "count": 36322,
                                                    "self": 57.16325569999982
                                                }
                                            }
                                        }
                                    }
                                },
                                "workers": {
                                    "total": 0.3523533000076995,
                                    "count": 45314,
                                    "self": 0.0,
                                    "children": {
                                        "worker_root": {
                                            "total": 450.9838135000086,
                                            "count": 45314,
                                            "is_parallel": true,