{
    "name": "root",
    "gauges": {
        "MoveToTarget.Policy.Entropy.mean": {
            "value": 2.0708136558532715,
            "min": 2.0527806282043457,
            "max": 2.1147468090057373,
            "count": 36
        },
        "MoveToTarget.Policy.Entropy.sum": {
            "value": 103644.2265625,
            "min": 102411.2265625,
            "max": 107355.4453125,
            "count": 36
        },
        "MoveToTarget.Environment.EpisodeLength.mean": {
            "value": 503.92857142857144,
            "min": 491.90425531914894,
            "max": 1210.9130434782608,
            "count": 36
        },
        "MoveToTarget.Environment.EpisodeLength.sum": {
            "value": 49385.0,
            "min": 37210.0,
            "max": 55702.0,
            "count": 36
        },
        "MoveToTarget.Step.mean": {
            "value": 1799963.0,
            "min": 49985.0,
            "max": 1799963.0,
            "count": 36
        },
        "MoveToTarget.Step.sum": {
            "value": 1799963.0,
            "min": 49985.0,
            "max": 1799963.0,
            "count": 36
        },
        "MoveToTarget.Policy.ExtrinsicValueEstimate.mean": {
            "value": 0.00772722065448761,
            "min": -0.05720818415284157,
            "max": 0.37728187441825867,
            "count": 36
        },
        "MoveToTarget.Policy.ExtrinsicValueEstimate.sum": {
            "value": 6.429047584533691,
            "min": -45.76654815673828,
            "max": 300.3163757324219,
            "count": 36
        },
        "MoveToTarget.Environment.CumulativeReward.mean": {
            "value": 0.02629112032223113,
            "min": -0.7849446267117112,
            "max": 0.0638476758187195,
            "count": 36
        },
        "MoveToTarget.Environment.CumulativeReward.sum": {
            "value": 2.5765297915786505,
            "min": -34.53756357531529,
            "max": 6.193224554415792,
            "count": 36
        },
        "MoveToTarget.Policy.ExtrinsicReward.mean": {
            "value": 0.02629112032223113,
            "min": -0.7849446267117112,
            "max": 0.0638476758187195,
            "count": 36
        },
        "MoveToTarget.Policy.ExtrinsicReward.sum": {
            "value": 2.5765297915786505,
            "min": -34.53756357531529,
            "max": 6.193224554415792,
            "count": 36
        },
        "MoveToTarget.Losses.PolicyLoss.mean": {
            "value": 0.009475099010160193,
            "min": 0.00864127388114058,
            "max": 0.013723895254467303,
            "count": 36
        },
        "MoveToTarget.Losses.PolicyLoss.sum": {
            "value": 0.02842529703048058,
            "min": 0.025089326702679195,
            "max": 0.04931900076917373,
            "count": 36
        },
        "MoveToTarget.Losses.ValueLoss.mean": {
            "value": 0.0002625822477663557,
            "min": 0.00026073696790263057,
            "max": 0.042512608459219337,
            "count": 36
        },
        "MoveToTarget.Losses.ValueLoss.sum": {
            "value": 0.000787746743299067,
            "min": 0.0007822109037078917,
            "max": 0.08502521691843867,
            "count": 36
        },
        "MoveToTarget.Policy.LearningRate.mean": {
            "value": 0.00029466457877847435,
            "min": 0.00029466457877847435,
            "max": 0.000299923617025461,
            "count": 36
        },
        "MoveToTarget.Policy.LearningRate.sum": {
            "value": 0.000883993736335423,
            "min": 0.000599847234050922,
            "max": 0.0011991003062998978,
            "count": 36
        },
        "MoveToTarget.Policy.Epsilon.mean": {
            "value": 0.1982215256666667,
            "min": 0.1982215256666667,
            "max": 0.19997453900000003,
            "count": 36
        },
        "MoveToTarget.Policy.Epsilon.sum": {
            "value": 0.5946645770000001,
            "min": 0.39994907800000007,
            "max": 0.7997001020000001,
            "count": 36
        },
        "MoveToTarget.Policy.Beta.mean": {
            "value": 0.004911254130766668,
            "min": 0.004911254130766668,
            "max": 0.004998729496099999,
            "count": 36
        },
        "MoveToTarget.Policy.Beta.sum": {
            "value": 0.014733762392300002,
            "min": 0.009997458992199998,
            "max": 0.0199850350898,
            "count": 36
        },
        "MoveToTarget.IsTraining.mean": {
            "value": 1.0,
            "min": 1.0,
            "max": 1.0,
            "count": 36
        },
        "MoveToTarget.IsTraining.sum": {
            "value": 1.0,
            "min": 1.0,
            "max": 1.0,
            "count": 36
        }
    },
    "metadata": {
        "timer_format_version": "0.1.0",
        "start_time_seconds": "1731544783",
        "python_version": "3.8.10 (tags/v3.8.10:3d8993a, May  3 2021, 11:48:03) [MSC v.1928 64 bit (AMD64)]",
        "command_line_arguments": "C:\\Work\\Reflex Aim Trainer\\venv\\Scripts\\mlagents-learn config.yaml",
        "mlagents_version": "0.29.0",
        "mlagents_envs_version": "0.29.0",
        "communication_protocol_version": "1.5.0",
        "pytorch_version": "2.4.1+cu124",
        "numpy_version": "1.21.2",
        "end_time_seconds": "1731545701"
    },
    "total": 918.0283185999999,
    "count": 1,
    "self": 0.0030384999998886997,
    "children": {
        "run_training.setup": {
            "total": 0.05630950000000001,
            "count": 1,
            "self": 0.05630950000000001
        },
        "TrainerController.start_learning": {
            "total": 917.9689706,
            "count": 1,
            "self": 1.0646397000032266,
            "children": {
                "TrainerController._reset_env": {
                    "total": 11.4374687,
                    "count": 1,
                    "self": 11.4374687
                },
                "TrainerController.advance": {
                    "total": 905.4261187999969,
                    "count": 74740,
                    "self": 0.46708420000231854,
                    "children": {
                        "env_step": {
                            "total": 904.9590345999945,
                            "count": 74740,
                            "self": 748.6747713999964,
                            "children": {
                                "SubprocessEnvManager._take_step": {
                                    "total": 155.75293800000125,
                                    "count": 74740,
                                    "self": 2.815032899996737,
                                    "children": {
                                        "TorchPolicy.evaluate": {
                                            "total": 152.9379051000045,
                                            "count": 72539,
                                            "self": 27.448401900003233,
                                            "children": {
                                                "TorchPolicy.sample_actions": {
                                                    "total": 125.48950320000128,
                                                    "count": 72539,
                                                    "self": 125.48950320000128
                                                }
                                            }
                                        }
                                    }
                                },
                                "workers": {
                                    "total": 0.5313251999969211,
                                    "count": 74740,
                                    "self": 0.0,
                                    "children": {
                                        "worker_root": {
                                            "total": 904.9355726000094,
                                            "count": 74740,