{
    "name": "root",
    "gauges": {
        "MoveToTarget.Policy.Entropy.mean": {
            "value": 0.8937296867370605,
            "min": 0.8937296867370605,
            "max": 1.3621089458465576,
            "count": 182
        },
        "MoveToTarget.Policy.Entropy.sum": {
            "value": 89350.625,
            "min": 89350.625,
            "max": 137538.953125,
            "count": 182
        },
        "MoveToTarget.Environment.EpisodeLength.mean": {
            "value": 133.51876675603216,
            "min": 131.35216819973718,
            "max": 370.25373134328356,
            "count": 182
        },
        "MoveToTarget.Environment.EpisodeLength.sum": {
            "value": 99605.0,
            "min": 93220.0,
            "max": 104457.0,
            "count": 182
        },
        "MoveToTarget.Step.mean": {
            "value": 28199985.0,
            "min": 10099991.0,
            "max": 28199985.0,
            "count": 182
        },
        "MoveToTarget.Step.sum": {
            "value": 28199985.0,
            "min": 10099991.0,
            "max": 28199985.0,
            "count": 182
        },
        "MoveToTarget.Policy.ExtrinsicValueEstimate.mean": {
            "value": 0.46187302470207214,
            "min": 0.08939503133296967,
            "max": 0.5045978426933289,
            "count": 182
        },
        "MoveToTarget.Policy.ExtrinsicValueEstimate.sum": {
            "value": 901.1142578125,
            "min": 151.9715576171875,
            "max": 983.4612426757812,
            "count": 182
        },
        "MoveToTarget.Environment.CumulativeReward.mean": {
            "value": 0.8506425843690054,
            "min": 0.391194042256241,
            "max": 0.8587791624955516,
            "count": 182
        },
        "MoveToTarget.Environment.CumulativeReward.sum": {
            "value": 635.4300105236471,
            "min": 104.84000332467258,
            "max": 650.2100099418312,
            "count": 182
        },
        "MoveToTarget.Policy.ExtrinsicReward.mean": {
            "value": 0.8506425843690054,
            "min": 0.391194042256241,
            "max": 0.8587791624955516,
            "count": 182
        },
        "MoveToTarget.Policy.ExtrinsicReward.sum": {
            "value": 635.4300105236471,
            "min": 104.84000332467258,
            "max": 650.2100099418312,
            "count": 182
        },
        "MoveToTarget.Losses.PolicyLoss.mean": {
            "value": 0.009849340012402131,
            "min": 0.008553389840623518,
            "max": 0.014197479251985596,
            "count": 182
        },
        "MoveToTarget.Losses.PolicyLoss.sum": {
            "value": 0.05909604007441279,
            "min": 0.051320339043741114,
            "max": 0.08941513367123358,
            "count": 182
        },
        "MoveToTarget.Losses.ValueLoss.mean": {
            "value": 0.009428730997670857,
            "min": 0.00553421017442209,
            "max": 0.010507328403441029,
            "count": 182
        },
        "MoveToTarget.Losses.ValueLoss.sum": {
            "value": 0.05657238598602514,
            "min": 0.03320526104653254,
            "max": 0.06866387312766165,
            "count": 182
        },
        "MoveToTarget.Policy.LearningRate.mean": {
            "value": 0.00021553799415401133,
            "min": 0.00021553799415401133,
            "max": 0.0002698275975574708,
            "count": 182
        },
        "MoveToTarget.Policy.LearningRate.sum": {
            "value": 0.001293227964924068,
            "min": 0.001293227964924068,
            "max": 0.0018637528627490716,
            "count": 182
        },
        "MoveToTarget.Policy.Epsilon.mean": {
            "value": 0.17184598866666667,
            "min": 0.17184598866666667,
            "max": 0.18994252916666668,
            "count": 182
        },
        "MoveToTarget.Policy.Epsilon.sum": {
            "value": 1.031075932,
            "min": 1.031075932,
            "max": 1.321250928,
            "count": 182
        },
        "MoveToTarget.Policy.Beta.mean": {
            "value": 0.003595114834466667,
            "min": 0.003595114834466667,
            "max": 0.0044981322054166665,
            "count": 182
        },
        "MoveToTarget.Policy.Beta.sum": {
            "value": 0.021570689006800002,
            "min": 0.021570689006800002,
            "max": 0.031070421307200002,
            "count": 182
        },
        "MoveToTarget.IsTraining.mean": {
            "value": 1.0,
            "min": 1.0,
            "max": 1.0,
            "count": 182
        },
        "MoveToTarget.IsTraining.sum": {
            "value": 1.0,
            "min": 1.0,
            "max": 1.0,
            "count": 182
        }
    },
    "metadata": {
        "timer_format_version": "0.1.0",
        "start_time_seconds": "1730076123",
        "python_version": "3.8.10 (tags/v3.8.10:3d8993a, May  3 2021, 11:48:03) [MSC v.1928 64 bit (AMD64)]",
        "command_line_arguments": "C:\\Work\\Reflex Aim Trainer\\venv\\Scripts\\mlagents-learn config.yaml",
        "mlagents_version": "0.29.0",
        "mlagents_envs_version": "0.29.0",
        "communication_protocol_version": "1.5.0",
        "pytorch_version": "2.4.1+cu124",
        "numpy_version": "1.21.2",
        "end_time_seconds": "1730085307"
    },
    "total": 9184.469182,
    "count": 1,
    "self": 0.002534500001274864,
    "children": {
        "run_training.setup": {
            "total": 0.07678190000000007,
            "count": 1,
            "self": 0.07678190000000007
        },
        "TrainerController.start_learning": {
            "total": 9184.3898656,
            "count": 1,
            "self": 12.438081299831538,
            "children": {
                "TrainerController._reset_env": {
                    "total": 10.4110378,
                    "count": 1,
                    "self": 10.4110378
                },
                "TrainerController.advance": {
                    "total": 9161.460105200169,
                    "count": 816689,
                    "self": 6.015620800120814,
                    "children": {
                        "env_step": {
                            "total": 9155.444484400048,
                            "count": 816689,
                            "self": 5908.457543200366,
                            "children": {
                                "SubprocessEnvManager._take_step": {
                                    "total": 3240.469014799768,
                                    "count": 816689,
                                    "self": 36.119383799675234,
                                    "children": {
                                        "TorchPolicy.evaluate": {
                                            "total": 3204.349631000093,
                                            "count": 731617,
                                            "self": 733.8604360000795,
                                            "children": {
                                                "TorchPolicy.sample_actions": {
                                                    "total": 2470.4891950000133,
                                                    "count": 731617,
                                                    "self": 2470.4891950000133
                                                }
                                            }
                                        }
                                    }
                                },
                                "workers": {
                                    "total": 6.517926399914025,
                                    "count": 816688,
                                    "self": 0.0,
                                    "children": {
                                        "worker_root": {
                                            "total": 9160.206143399531,
                                            "count": 816688,