{
    "name": "root",
    "gauges": {
        "MoveToTarget.Policy.Entropy.mean": {
            "value": 2.1175243854522705,
            "min": 2.0926268100738525,
            "max": 2.1175243854522705,
            "count": 11
        },
        "MoveToTarget.Policy.Entropy.sum": {
            "value": 103546.9375,
            "min": 94439.5078125,
            "max": 115303.7421875,
            "count": 11
        },
        "MoveToTarget.Step.mean": {
            "value": 549982.0,
            "min": 49985.0,
            "max": 549982.0,
            "count": 11
        },
        "MoveToTarget.Step.sum": {
            "value": 549982.0,
            "min": 49985.0,
            "max": 549982.0,
            "count": 11
        },
        "MoveToTarget.Policy.ExtrinsicValueEstimate.mean": {
            "value": -0.003516338998451829,
            "min": -0.008086146786808968,
            "max": 0.15762238204479218,
            "count": 11
        },
        "MoveToTarget.Policy.ExtrinsicValueEstimate.sum": {
            "value": -2.8798816204071045,
            "min": -6.323366641998291,
            "max": 124.52168273925781,
            "count": 11
        },
        "MoveToTarget.Losses.PolicyLoss.mean": {
            "value": 0.011469593970105052,
            "min": 0.008448925121532133,
            "max": 0.01384051535407909,
            "count": 11
        },
        "MoveToTarget.Losses.PolicyLoss.sum": {
            "value": 0.034408781910315156,
            "min": 0.02273379367640397,
            "max": 0.04152154606223727,
            "count": 11
        },
        "MoveToTarget.Losses.ValueLoss.mean": {
            "value": 0.00046077699193523993,
            "min": 0.00046077699193523993,
            "max": 0.03219835260339702,
            "count": 11
        },
        "MoveToTarget.Losses.ValueLoss.sum": {
            "value": 0.0013823309758057198,
            "min": 0.0013823309758057198,
            "max": 0.06439670520679404,
            "count": 11
        },
        "MoveToTarget.Policy.LearningRate.mean": {
            "value": 0.00029842502752499097,
            "min": 0.00029842502752499097,
            "max": 0.00029992176002608,
            "count": 11
        },
        "MoveToTarget.Policy.LearningRate.sum": {
            "value": 0.0008952750825749729,
            "min": 0.00059984352005216,
            "max": 0.0008993762552079149,
            "count": 11
        },
        "MoveToTarget.Policy.Epsilon.mean": {
            "value": 0.19947500900000004,
            "min": 0.19947500900000004,
            "max": 0.19997391999999997,
            "count": 11
        },
        "MoveToTarget.Policy.Epsilon.sum": {
            "value": 0.5984250270000001,
            "min": 0.39994783999999994,
            "max": 0.599792085,
            "count": 11
        },
        "MoveToTarget.Policy.Beta.mean": {
            "value": 0.0049738029491,
            "min": 0.0049738029491,
            "max": 0.004998698608,
            "count": 11
        },
        "MoveToTarget.Policy.Beta.sum": {
            "value": 0.014921408847300002,
            "min": 0.009997397216,
            "max": 0.0149896250415,
            "count": 11
        },
        "MoveToTarget.Environment.EpisodeLength.mean": {
            "value": 1446.97,
            "min": 1087.0,
            "max": 1448.0,
            "count": 7
        },
        "MoveToTarget.Environment.EpisodeLength.sum": {
            "value": 144697.0,
            "min": 36175.0,
            "max": 144700.0,
            "count": 7
        },
        "MoveToTarget.Environment.CumulativeReward.mean": {
            "value": -0.07880117158871144,
            "min": -0.48800456152297556,
            "max": -0.07880117158871144,
            "count": 7
        },
        "MoveToTarget.Environment.CumulativeReward.sum": {
            "value": -7.880117158871144,
            "min": -28.66295661753975,
            "max": -5.412610908038914,
            "count": 7
        },
        "MoveToTarget.Policy.ExtrinsicReward.mean": {
            "value": -0.07880117158871144,
            "min": -0.48800456152297556,
            "max": -0.07880117158871144,
            "count": 7
        },
        "MoveToTarget.Policy.ExtrinsicReward.sum": {
            "value": -7.880117158871144,
            "min": -28.66295661753975,
            "max": -5.412610908038914,
            "count": 7
        },
        "MoveToTarget.IsTraining.mean": {
            "value": 1.0,
            "min": 1.0,
            "max": 1.0,
            "count": 11
        },
        "MoveToTarget.IsTraining.sum": {
            "value": 1.0,
            "min": 1.0,
            "max": 1.0,
            "count": 11
        }
    },
    "metadata": {
        "timer_format_version": "0.1.0",
        "start_time_seconds": "1731558814",
        "python_version": "3.8.10 (tags/v3.8.10:3d8993a, May  3 2021, 11:48:03) [MSC v.1928 64 bit (AMD64)]",
        "command_line_arguments": "C:\\Work\\Reflex Aim Trainer\\venv\\Scripts\\mlagents-learn config.yaml",
        "mlagents_version": "0.29.0",
        "mlagents_envs_version": "0.29.0",
        "communication_protocol_version": "1.5.0",
        "pytorch_version": "2.4.1+cu124",
        "numpy_version": "1.21.2",
        "end_time_seconds": "1731559162"
    },
    "total": 348.275716,
    "count": 1,
    "self": 0.004485299999998915,
    "children": {
        "run_training.setup": {
            "total": 0.05521330000000013,
            "count": 1,
            "self": 0.05521330000000013
        },
        "TrainerController.start_learning": {
            "total": 348.2160174,
            "count": 1,
            "self": 0.18471200000010413,
            "children": {
                "TrainerController._reset_env": {
                    "total": 7.190405500000001,
                    "count": 1,
                    "self": 7.190405500000001
                },
                "TrainerController.advance": {
                    "total": 340.77113579999997,
                    "count": 12851,
                    "self": 0.0866786999991973,
                    "children": {
                        "env_step": {
                            "total": 340.68445710000077,
                            "count": 12851,
                            "self": 296.66875950000093,
                            "children": {
                                "SubprocessEnvManager._take_step": {
                                    "total": 43.92698270000076,
                                    "count": 12851,
                                    "self": 0.5165178000008126,
                                    "children": {
                                        "TorchPolicy.evaluate": {
                                            "total": 43.410464899999944,
                                            "count": 12841,
                                            "self": 5.800842100001283,
                                            "children": {
                                                "TorchPolicy.sample_actions": {
                                                    "total": 37.60962279999866,
                                                    "count": 12841,
                                                    "self": 37.60962279999866
                                                }
                                            }
                                        }
                                    }
                                },
                                "workers": {
                                    "total": 0.08871489999906501,
                                    "count": 12850,
                                    "self": 0.0,
                                    "children": {
                                        "worker_root": {
                                            "total": 287.1921856999999,
                                            "count": 12850,