{
    "name": "root",
    "gauges": {
        "MoveToTarget.Policy.Entropy.mean": {
            "value": 2.2135415077209473,
            "min": 2.102548122406006,
            "max": 2.2306435108184814,
            "count": 180
        },
        "MoveToTarget.Policy.Entropy.sum": {
            "value": 114539.703125,
            "min": 94204.015625,
            "max": 114539.703125,
            "count": 180
        },
        "MoveToTarget.Environment.EpisodeLength.mean": {
            "value": 560.9772727272727,
            "min": 178.25806451612902,
            "max": 1747.936170212766,
            "count": 180
        },
        "MoveToTarget.Environment.EpisodeLength.sum": {
            "value": 24683.0,
            "min": 5526.0,
            "max": 164306.0,
            "count": 180
        },
        "MoveToTarget.Step.mean": {
            "value": 8999889.0,
            "min": 49973.0,
            "max": 8999889.0,
            "count": 180
        },
        "MoveToTarget.Step.sum": {
            "value": 8999889.0,
            "min": 49973.0,
            "max": 8999889.0,
            "count": 180
        },
        "MoveToTarget.Policy.ExtrinsicValueEstimate.mean": {
            "value": 0.031504224985837936,
            "min": -0.03350701555609703,
            "max": 0.28980472683906555,
            "count": 180
        },
        "MoveToTarget.Policy.ExtrinsicValueEstimate.sum": {
            "value": 12.979741096496582,
            "min": -13.871904373168945,
            "max": 117.95052337646484,
            "count": 180
        },
        "MoveToTarget.Environment.CumulativeReward.mean": {
            "value": 0.36986535423519934,
            "min": -1.60748041129889,
            "max": 0.4151817803745562,
            "count": 180
        },
        "MoveToTarget.Environment.CumulativeReward.sum": {
            "value": 16.274075586348772,
            "min": -151.10315866209567,
            "max": 44.83031689465861,
            "count": 180
        },
        "MoveToTarget.Policy.ExtrinsicReward.mean": {
            "value": 0.36986535423519934,
            "min": -1.60748041129889,
            "max": 0.4151817803745562,
            "count": 180
        },
        "MoveToTarget.Policy.ExtrinsicReward.sum": {
            "value": 16.274075586348772,
            "min": -151.10315866209567,
            "max": 44.83031689465861,
            "count": 180
        },
        "MoveToTarget.Losses.PolicyLoss.mean": {
            "value": 0.009372140361746361,
            "min": 0.0072803735351448665,
            "max": 0.014780148362559786,
            "count": 180
        },
        "MoveToTarget.Losses.PolicyLoss.sum": {
            "value": 0.028116421085239082,
            "min": 0.019840141903841868,
            "max": 0.04940304840177608,
            "count": 180
        },
        "MoveToTarget.Losses.ValueLoss.mean": {
            "value": 0.0003289067256749452,
            "min": 0.00027540466706139135,
            "max": 0.021797252062242478,
            "count": 180
        },
        "MoveToTarget.Losses.ValueLoss.sum": {
            "value": 0.0009867201770248357,
            "min": 0.0008262140011841741,
            "max": 0.043594504124484956,
            "count": 180
        },
        "MoveToTarget.Policy.LearningRate.mean": {
            "value": 0.0002730670249776613,
            "min": 0.0002730670249776613,
            "max": 0.00029991668702777094,
            "count": 180
        },
        "MoveToTarget.Policy.LearningRate.sum": {
            "value": 0.000819201074932984,
            "min": 0.0005998333740555419,
            "max": 0.00117809838730054,
            "count": 180
        },
        "MoveToTarget.Policy.Epsilon.mean": {
            "value": 0.1910223386666667,
            "min": 0.1910223386666667,
            "max": 0.199972229,
            "count": 180
        },
        "MoveToTarget.Policy.Epsilon.sum": {
            "value": 0.5730670160000001,
            "min": 0.399944458,
            "max": 0.7926994600000001,
            "count": 180
        },
        "MoveToTarget.Policy.Beta.mean": {
            "value": 0.004552014699466666,
            "min": 0.004552014699466666,
            "max": 0.0049986142271000004,
            "count": 180
        },
        "MoveToTarget.Policy.Beta.sum": {
            "value": 0.013656044098399999,
            "min": 0.009997228454200001,
            "max": 0.019635703054000003,
            "count": 180
        },
        "MoveToTarget.IsTraining.mean": {
            "value": 1.0,
            "min": 1.0,
            "max": 1.0,
            "count": 180
        },
        "MoveToTarget.IsTraining.sum": {
            "value": 1.0,
            "min": 1.0,
            "max": 1.0,
            "count": 180
        }
    },
    "metadata": {
        "timer_format_version": "0.1.0",
        "start_time_seconds": "1731551480",
        "python_version": "3.8.10 (tags/v3.8.10:3d8993a, May  3 2021, 11:48:03) [MSC v.1928 64 bit (AMD64)]",
        "command_line_arguments": "C:\\Work\\Reflex Aim Trainer\\venv\\Scripts\\mlagents-learn config.yaml",
        "mlagents_version": "0.29.0",
        "mlagents_envs_version": "0.29.0",
        "communication_protocol_version": "1.5.0",
        "pytorch_version": "2.4.1+cu124",
        "numpy_version": "1.21.2",
        "end_time_seconds": "1731556853"
    },
    "total": 5373.2788014,
    "count": 1,
    "self": 10.002116900000146,
    "children": {
        "run_training.setup": {
            "total": 0.12338100000000018,
            "count": 1,
            "self": 0.12338100000000018
        },
        "TrainerController.start_learning": {
            "total": 5363.153303499999,
            "count": 1,
            "self": 5.51966659984646,
            "children": {
                "TrainerController._reset_env": {
                    "total": 24.6261571,
                    "count": 1,
                    "self": 24.6261571
                },
                "TrainerController.advance": {
                    "total": 5332.963284800152,
                    "count": 430023,
                    "self": 2.501536300402222,
                    "children": {
                        "env_step": {
                            "total": 5330.46174849975,
                            "count": 430023,
                            "self": 4246.675908399783,
                            "children": {
                                "SubprocessEnvManager._take_step": {
                                    "total": 1080.699911500038,
                                    "count": 430025,
                                    "self": 14.595147200180008,
                                    "children": {
                                        "TorchPolicy.evaluate": {
                                            "total": 1066.104764299858,
                                            "count": 416211,
                                            "self": 184.28396379989135,
                                            "children": {
                                                "TorchPolicy.sample_actions": {
                                                    "total": 881.8208004999667,
                                                    "count": 416211,
                                                    "self": 881.8208004999667
                                                }
                                            }
                                        }
                                    }
                                },
                                "workers": {
                                    "total": 3.085928599928838,
                                    "count": 430022,
                                    "self": 0.0,
                                    "children": {
                                        "worker_root": {
                                            "total": 5286.367932800049,