{
    "name": "root",
    "metadata": {
        "timer_format_version": "0.1.0",
        "start_time_seconds": "1730070978",
        "python_version": "3.8.10 (tags/v3.8.10:3d8993a, May  3 2021, 11:48:03) [MSC v.1928 64 bit (AMD64)]",
        "command_line_arguments": "C:\\Work\\Reflex Aim Trainer\\venv\\Scripts\\mlagents-learn config.yaml",
        "mlagents_version": "0.29.0",
        "mlagents_envs_version": "0.29.0",
        "communication_protocol_version": "1.5.0",
        "pytorch_version": "2.4.1+cu124",
        "numpy_version": "1.21.2",
        "end_time_seconds": "1730071757"
    },
    "total": 779.1591547,
    "count": 1,
    "self": 0.0026543000001311157,
    "children": {
        "run_training.setup": {
            "total": 0.054567800000000055,
            "count": 1,
            "self": 0.054567800000000055
        },
        "TrainerController.start_learning": {
            "total": 779.1019325999999,
            "count": 1,
            "self": 0.9522599000071068,
            "children": {
                "TrainerController._reset_env": {
                    "total": 14.582286799999999,
                    "count": 1,
                    "self": 14.582286799999999
                },
                "TrainerController.advance": {
                    "total": 763.4724765999928,
                    "count": 76774,
                    "self": 0.46067879999452543,
                    "children": {
                        "env_step": {
                            "total": 763.0117977999982,
                            "count": 76774,
                            "self": 573.1380855999789,
                            "children": {
                                "SubprocessEnvManager._take_step": {
                                    "total": 189.38803300001513,
                                    "count": 76774,
                                    "self": 2.732001000013611,
                                    "children": {
                                        "TorchPolicy.evaluate": {
                                            "total": 186.65603200000152,
                                            "count": 73889,
                                            "self": 66.61156009998197,
                                            "children": {
                                                "TorchPolicy.sample_actions": {
                                                    "total": 120.04447190001954,
                                                    "count": 73889,
                                                    "self": 120.04447190001954
                                                }
                                            }
                                        }
                                    }
                                },
                                "workers": {
                                    "total": 0.4856792000041601,
                                    "count": 76773,
                                    "self": 0.0,
                                    "children": {
                                        "worker_root": {
                                            "total": 702.3467678000019,
                                            "count": 76773,
                                            "is_parallel": true,
                                            "self": 307.0684581000052,
                                            "children": {
                                                "steps_from_proto": {
                                                    "total": 0.0004935000000010348,
                                                    "count": 1,
                                                    "is_parallel": true,
                                                    "self": 0.00010639999999995098,
                                                    "children": {
                                                        "_process_rank_one_or_two_observation": {
                                                            "total": 0.0003871000000010838,
                                                            "count": 4,
                                                            "is_parallel": true,
                                                            "self": 0.0003871000000010838
                                                        }
                                                    }
                                                },
                                                "UnityEnvironment.step": {
                                                    "total": 395.27781619999666,
                                                    "count": 76773,
                                                    "is_parallel": true,
                                                    "self": 10.261653099984017,
                                                    "children": {
                                                        "UnityEnvironment._generate_step_input": {
                                                            "total": 11.281167599997058,
                                                            "count": 76773,
                                                            "is_parallel": true,
                                                            "self": 11.281167599997058
                                                        },
                                                        "communicator.exchange": {
                                                            "total": 348.9903228000118,
                                                            "count": 76773,
                                                            "is_parallel": true,
                                                            "self": 348.9903228000118
                                                        },
                                                        "steps_from_proto": {
                                                            "total": 24.74467270000376,
                                                            "count": 76773,
                                                            "is_parallel": true,
                                                            "self": 4.734239600000603,
                                                            "children": {
                                                                "_process_rank_one_or_two_observation": {
                                                                    "total": 20.01043310000316,
                                                                    "count": 307092,
                                                                    "is_parallel": true,
                                                                    "self": 20.01043310000316
                                                                }
                                                            }
                                                        }
                                                    }
                                                }
                                            }
                                        }
                                    }
                                }
                            }
                        }
                    }
                },
                "TrainerController._save_models": {
                    "total": 0.09490930000004028,
                    "count": 1,
                    "self": 0.006021099999998114,
                    "children": {
                        "RLTrainer._checkpoint": {
                            "total": 0.08888820000004216,
                            "count": 1,
                            "self": 0.08888820000004216
                        }
                    }
                }
            }
        }
    }
}