{
    "name": "root",
    "gauges": {
        "MoveToTarget.Policy.Entropy.mean": {
            "value": 1.6179567575454712,
            "min": 1.6067748069763184,
            "max": 2.112776517868042,
            "count": 200
        },
        "MoveToTarget.Policy.Entropy.sum": {
            "value": 8130.232421875,
            "min": 7212.75390625,
            "max": 13517.0849609375,
            "count": 200
        },
        "MoveToTarget.Environment.EpisodeLength.mean": {
            "value": 235.11111111111111,
            "min": 0.0,
            "max": 719.0,
            "count": 198
        },
        "MoveToTarget.Environment.EpisodeLength.sum": {
            "value": 4232.0,
            "min": 0.0,
            "max": 16675.0,
            "count": 198
        },
        "MoveToTarget.Step.mean": {
            "value": 999960.0,
            "min": 4994.0,
            "max": 999960.0,
            "count": 200
        },
        "MoveToTarget.Step.sum": {
            "value": 999960.0,
            "min": 4994.0,
            "max": 999960.0,
            "count": 200
        },
        "MoveToTarget.Policy.ExtrinsicValueEstimate.mean": {
            "value": -0.049117255955934525,
            "min": -0.2075096070766449,
            "max": 0.26026350259780884,
            "count": 200
        },
        "MoveToTarget.Policy.ExtrinsicValueEstimate.sum": {
            "value": -4.371435642242432,
            "min": -18.260845184326172,
            "max": 20.300552368164062,
            "count": 200
        },
        "MoveToTarget.Environment.CumulativeReward.mean": {
            "value": 0.014148159133684304,
            "min": -3.4200000390410423,
            "max": 0.2560952896850982,
            "count": 198
        },
        "MoveToTarget.Environment.CumulativeReward.sum": {
            "value": 0.2546668644063175,
            "min": -67.24733467679471,
            "max": 2.3570002953056246,
            "count": 198
        },
        "MoveToTarget.Policy.ExtrinsicReward.mean": {
            "value": 0.014148159133684304,
            "min": -3.4200000390410423,
            "max": 0.2560952896850982,
            "count": 198
        },
        "MoveToTarget.Policy.ExtrinsicReward.sum": {
            "value": 0.2546668644063175,
            "min": -67.24733467679471,
            "max": 2.3570002953056246,
            "count": 198
        },
        "MoveToTarget.IsTraining.mean": {
            "value": 1.0,
            "min": 1.0,
            "max": 1.0,
            "count": 200
        },
        "MoveToTarget.IsTraining.sum": {
            "value": 1.0,
            "min": 1.0,
            "max": 1.0,
            "count": 200
        },
        "MoveToTarget.Losses.PolicyLoss.mean": {
            "value": 0.0072737855759138865,
            "min": 0.004966545423182349,
            "max": 0.0204336511863706,
            "count": 60
        },
        "MoveToTarget.Losses.PolicyLoss.sum": {
            "value": 0.0072737855759138865,
            "min": 0.004966545423182349,
            "max": 0.0204336511863706,
            "count": 60
        },
        "MoveToTarget.Losses.ValueLoss.mean": {
            "value": 0.005068202580635746,
            "min": 0.004216088195486615,
            "max": 0.10239329918598135,
            "count": 60
        },
        "MoveToTarget.Losses.ValueLoss.sum": {
            "value": 0.005068202580635746,
            "min": 0.004216088195486615,
            "max": 0.10239329918598135,
            "count": 60
        },
        "MoveToTarget.Policy.LearningRate.mean": {
            "value": 3.810998729700006e-06,
            "min": 3.810998729700006e-06,
            "max": 0.0002948085017304999,
            "count": 60
        },
        "MoveToTarget.Policy.LearningRate.sum": {
            "value": 3.810998729700006e-06,
            "min": 3.810998729700006e-06,
            "max": 0.0002948085017304999,
            "count": 60
        },
        "MoveToTarget.Policy.Epsilon.mean": {
            "value": 0.1012703,
            "min": 0.1012703,
            "max": 0.19826950000000002,
            "count": 60
        },
        "MoveToTarget.Policy.Epsilon.sum": {
            "value": 0.1012703,
            "min": 0.1012703,
            "max": 0.19826950000000002,
            "count": 60
        },
        "MoveToTarget.Policy.Beta.mean": {
            "value": 7.33879700000001e-05,
            "min": 7.33879700000001e-05,
            "max": 0.004913648049999999,
            "count": 60
        },
        "MoveToTarget.Policy.Beta.sum": {
            "value": 7.33879700000001e-05,
            "min": 7.33879700000001e-05,
            "max": 0.004913648049999999,
            "count": 60
        }
    },
    "metadata": {
        "timer_format_version": "0.1.0",
        "start_time_seconds": "1730656329",
        "python_version": "3.8.10 (tags/v3.8.10:3d8993a, May  3 2021, 11:48:03) [MSC v.1928 64 bit (AMD64)]",
        "command_line_arguments": "C:\\Work\\Reflex Aim Trainer\\venv\\Scripts\\mlagents-learn config.yaml",
        "mlagents_version": "0.29.0",
        "mlagents_envs_version": "0.29.0",
        "communication_protocol_version": "1.5.0",
        "pytorch_version": "2.4.1+cu124",
        "numpy_version": "1.21.2",
        "end_time_seconds": "1730656719"
    },
    "total": 389.73198160000004,
    "count": 1,
    "self": 0.19104480000004287,
    "children": {
        "run_training.setup": {
            "total": 0.05778019999999984,
            "count": 1,
            "self": 0.05778019999999984
        },
        "TrainerController.start_learning": {
            "total": 389.4831566,
            "count": 1,
            "self": 0.5615555999956428,
            "children": {
                "TrainerController._reset_env": {
                    "total": 2.4588709,
                    "count": 1,
                    "self": 2.4588709
                },
                "TrainerController.advance": {
                    "total": 386.3842525000043,
                    "count": 42357,
                    "self": 0.2547395000030974,
                    "children": {
                        "env_step": {
                            "total": 386.1295130000012,
                            "count": 42357,
                            "self": 236.97668420000267,
                            "children": {
                                "SubprocessEnvManager._take_step": {
                                    "total": 148.880494800001,
                                    "count": 42357,
                                    "self": 1.469124800004181,
                                    "children": {
                                        "TorchPolicy.evaluate": {
                                            "total": 147.41136999999682,
                                            "count": 40041,
                                            "self": 53.041480200001885,
                                            "children": {
                                                "TorchPolicy.sample_actions": {
                                                    "total": 94.36988979999494,
                                                    "count": 40041,
                                                    "self": 94.36988979999494
                                                }
                                            }
                                        }
                                    }
                                },
                                "workers": {
                                    "total": 0.27233399999754315,
                                    "count": 42357,
                                    "self": 0.0,
                                    "children": {
                                        "worker_root": {
                                            "total": 386.9235170999972,
                                            "count": 42357,